id_study,bio_gen,age,LANG_DIS,LEARN_DIF,ADHD,COND_PROB,DEP_DIS,BI_DIS,ANX_DIS,PSY_DIS,DRUG_CONS,EAT_DIS,OC_DIS,PERS_DIS,FPH_LANG_DIS,FPH_ADHD,FPH_CP,FPH_DEP_DIS,FPH_BI_DIS,FPH_ANX_DIS,FPH_PSY_DIS,FPH_DC,FPH_EAT_DIS,FPH_OC_DIS,FPH_PERS_DIS,FPH_PERS_DIS_SPE_2,FPH_TD,FPH_SH,FPH_SI,FPH_HS,PB_P,PB_V,PB_FE,PB_VV,PB_PV,PB_PL,PB_PTSD,CB_P,CB_V,CB_FE,CB_VV,CB_PV,CB_PL,CB_PTSD,SEXUAL_ORIENT,SG_IDENT,SEXUAL_ABUSE,SEX_ABU_VIO,PHYSICAL_ABUSE,PAS_ID_DEATH,AGE_1ST_ID_DEATH,FREQ_ID_DEATH,SH,SI_SH
UC3_UKK_0,Male,18,No,No,No,No,Yes,Yes,Yes,No,No,No,Yes,No,No,No,No,No,Yes,Yes,No,No,No,No,No,No,Yes,No,No,No,Yes,No,Yes,Yes,Yes,Yes,Yes,No,No,Yes,No,No,Yes,No,Heterosexual,Cisgender,No,No,Yes,Change of professions both in the academic/work field and in Mental Health,10.0,With fear,Yes,Yes
UC3_UKK_1,Male,17,Yes,Yes,Yes,No,No,No,No,No,No,No,No,No,Yes,Yes,No,No,No,No,No,No,Yes,No,No,No,No,No,No,No,No,No,Yes,No,No,No,No,Yes,No,No,No,No,No,No,Asexual,Cisgender,No,No,No,,,,No,No
UC3_UKK_2,Male,7,No,Yes,Yes,No,No,No,No,No,No,No,No,No,No,No,No,No,No,Yes,No,No,No,Yes,No,No,No,Yes,No,No,No,No,No,No,No,No,No,No,No,No,No,No,No,No,Bisexual,Cisgender,No,No,Yes,,,,No,No
UC3_UKK_3,Male,12,No,No,No,No,Yes,Yes,Yes,No,No,No,Yes,Yes,No,No,No,Yes,No,Yes,No,No,No,No,No,No,No,Yes,No,No,Yes,Yes,Yes,Yes,Yes,Yes,No,Yes,No,Yes,Yes,No,Yes,No,Heterosexual,Cisgender,No,No,No,"School (exams, timetable change)",11.0,With boringness,Yes,Yes
UC3_UKK_4,Female,8,No,Yes,No,No,No,No,No,No,No,No,No,No,Yes,No,Yes,No,No,No,No,No,No,No,No,No,No,No,No,Yes,Yes,Yes,Yes,No,Yes,No,No,No,Yes,Yes,No,Yes,No,Yes,Heterosexual,Cisgender,No,No,Yes,,,,No,No
UC3_UKK_5,Male,16,Yes,Yes,Yes,No,No,No,No,No,No,No,No,No,No,No,No,No,No,No,No,No,No,No,No,No,No,No,No,No,No,No,No,Yes,Yes,No,Yes,No,No,No,Yes,Yes,No,Yes,Heterosexual,Cisgender,No,No,No,,,,No,No
UC3_UKK_6,Female,7,No,No,No,Yes,Yes,Yes,Yes,No,No,No,Yes,Yes,Yes,No,Yes,Yes,No,Yes,No,No,No,Yes,Yes,Yes,No,No,Yes,No,Yes,No,No,Yes,No,Yes,Yes,No,No,No,Yes,No,No,Yes,Heterosexual,Transgender,Yes,Yes,No,"School (exams, timetable change)",6.0,With sadness,Yes,No
UC3_UKK_7,Male,10,No,Yes,No,No,No,No,No,No,No,No,No,No,No,No,No,No,No,Yes,No,Yes,No,No,No,No,No,No,No,Yes,No,Yes,No,Yes,No,Yes,No,No,No,No,Yes,No,No,Yes,Heterosexual,Cisgender,No,No,No,,,,No,No
UC3_UKK_8,Male,6,No,Yes,Yes,No,No,No,No,No,No,No,No,No,No,No,No,Yes,No,No,No,No,No,No,No,No,No,No,No,No,No,No,No,Yes,Yes,No,No,No,No,No,No,Yes,No,No,Heterosexual,Cisgender,No,No,No,Adress,5.0,With sadness,No,No
UC3_UKK_9,Male,17,No,Yes,No,No,No,No,No,No,No,No,No,No,No,No,Yes,No,No,No,No,No,No,No,No,No,No,Yes,No,No,Yes,No,Yes,No,No,Yes,No,Yes,No,Yes,No,No,Yes,No,Heterosexual,Cisgender,No,No,No,,,,No,No
UC3_UKK_10,Male,7,No,No,No,Yes,Yes,Yes,Yes,No,No,No,Yes,No,No,No,No,Yes,Yes,No,No,No,Yes,Yes,No,No,Yes,Yes,Yes,No,No,Yes,Yes,Yes,Yes,Yes,Yes,No,Yes,Yes,Yes,Yes,Yes,No,Heterosexual,Cisgender,No,No,Yes,Adress,5.0,With excitement,No,No
UC3_UKK_11,Male,14,Yes,No,No,No,Yes,Yes,Yes,No,No,No,Yes,No,No,No,No,No,No,Yes,Yes,No,Yes,No,Yes,No,Yes,Yes,No,Yes,No,Yes,Yes,Yes,Yes,Yes,No,No,No,Yes,No,No,Yes,No,Others,Cisgender,No,No,Yes,Vacations,10.0,With boringness,Yes,No
UC3_UKK_12,Male,13,No,No,No,No,Yes,Yes,Yes,No,No,No,Yes,No,No,Yes,No,Yes,No,Yes,Yes,No,No,Yes,No,No,Yes,Yes,No,No,No,Yes,Yes,Yes,Yes,No,No,No,No,Yes,Yes,No,No,No,Asexual,Cisgender,Yes,Yes,No,Adress,11.0,With anger,Yes,No
UC3_UKK_13,Female,7,No,No,No,No,Yes,Yes,Yes,No,No,No,Yes,Yes,No,No,No,Yes,Yes,Yes,Yes,No,No,No,Yes,Yes,Yes,Yes,No,Yes,Yes,No,No,Yes,Yes,No,Yes,Yes,No,No,No,No,No,Yes,Others,Cisgender,No,No,Yes,Adress,6.0,With sadness,Yes,Yes
UC3_UKK_14,Female,7,Yes,Yes,Yes,No,No,No,No,No,No,No,No,No,No,Yes,No,No,No,No,No,No,No,No,No,No,No,No,No,No,No,Yes,No,No,No,No,No,No,No,No,No,Yes,No,No,Heterosexual,Cisgender,No,No,No,,,,No,No
UC3_UKK_15,Male,6,Yes,Yes,No,No,No,No,No,No,No,No,No,No,Yes,No,No,No,No,No,No,No,No,No,No,No,Yes,No,No,No,No,No,Yes,No,No,No,No,No,No,No,No,No,No,No,Heterosexual,Cisgender,No,No,No,,,,No,No
UC3_UKK_16,Male,17,Yes,Yes,No,No,No,No,No,No,No,No,No,No,No,No,Yes,No,No,Yes,No,No,No,No,No,No,No,No,No,No,No,No,No,No,No,Yes,No,No,Yes,No,Yes,No,Yes,No,Heterosexual,Cisgender,No,No,No,,,,No,No
UC3_UKK_17,Female,10,No,No,No,Yes,Yes,Yes,Yes,No,No,No,Yes,No,No,No,Yes,No,Yes,Yes,No,No,No,No,No,No,Yes,Yes,No,No,Yes,Yes,Yes,Yes,Yes,Yes,Yes,Yes,No,No,Yes,Yes,Yes,Yes,Heterosexual,Transgender,No,No,Yes,,,,Yes,No
UC3_UKK_18,Male,7,No,Yes,No,No,No,No,No,No,No,No,No,No,No,No,No,No,No,No,No,No,Yes,No,No,No,No,No,No,No,No,No,No,No,No,No,No,No,No,No,No,No,No,No,Heterosexual,Cisgender,No,No,No,"School (exams, timetable change)",7.0,With boringness,No,No
UC3_UKK_19,Male,7,Yes,Yes,No,No,No,No,No,No,No,No,No,No,Yes,Yes,No,No,No,No,No,No,No,Yes,No,No,No,No,No,Yes,No,No,Yes,No,No,No,Yes,No,No,Yes,No,No,No,No,Heterosexual,Cisgender,No,No,No,,,,No,No
UC3_UKK_20,Male,13,No,No,No,No,Yes,Yes,Yes,No,No,No,Yes,Yes,No,Yes,No,Yes,Yes,Yes,No,Yes,No,Yes,No,No,No,Yes,No,Yes,No,No,Yes,No,Yes,Yes,No,No,No,Yes,No,Yes,No,No,Heterosexual,Cisgender,No,No,No,Adress,9.0,Always with emotional alteration,Yes,No
UC3_UKK_21,Female,16,Yes,Yes,No,No,No,No,No,No,No,No,No,No,Yes,No,Yes,No,No,No,No,No,No,Yes,Yes,Yes,No,No,No,Yes,No,No,No,No,No,No,No,No,No,No,Yes,No,No,No,Heterosexual,Cisgender,No,No,No,,,,No,No
UC3_UKK_22,Male,15,No,No,No,No,Yes,Yes,Yes,No,No,No,Yes,Yes,No,No,No,No,Yes,Yes,No,Yes,No,Yes,Yes,Yes,No,Yes,Yes,No,Yes,No,No,Yes,Yes,Yes,Yes,No,No,No,No,No,Yes,Yes,Heterosexual,Cisgender,No,No,No,,,,No,No
UC3_UKK_23,Male,14,No,No,No,Yes,Yes,Yes,Yes,No,No,No,Yes,No,No,Yes,No,Yes,No,Yes,Yes,Yes,No,Yes,No,No,Yes,No,Yes,Yes,Yes,Yes,Yes,No,Yes,No,No,Yes,Yes,Yes,No,No,Yes,No,Heterosexual,Cisgender,Yes,Yes,No,,,,Yes,No
UC3_UKK_24,Female,17,No,No,No,Yes,Yes,Yes,Yes,No,No,No,Yes,No,No,No,Yes,Yes,No,No,Yes,No,No,Yes,No,No,Yes,Yes,Yes,No,Yes,Yes,Yes,Yes,Yes,No,No,Yes,No,No,Yes,No,Yes,Yes,Heterosexual,Cisgender,No,No,Yes,"School (exams, timetable change)",9.0,With boringness,Yes,No
UC3_UKK_25,Male,17,No,No,No,Yes,Yes,Yes,Yes,No,Yes,No,Yes,No,Yes,No,No,No,Yes,Yes,No,Yes,No,Yes,No,No,No,No,No,No,Yes,Yes,Yes,No,No,Yes,Yes,No,No,Yes,No,No,Yes,Yes,Heterosexual,Transgender,No,No,Yes,"School (exams, timetable change)",17.0,With anger,Yes,Yes
UC3_UKK_26,Male,13,No,No,No,Yes,Yes,Yes,Yes,No,No,No,Yes,No,Yes,No,No,No,Yes,No,Yes,No,Yes,Yes,Yes,No,No,Yes,No,Yes,No,Yes,Yes,No,Yes,No,Yes,No,No,Yes,No,No,No,Yes,Heterosexual,Cisgender,No,No,No,Change of professions both in the academic/work field and in Mental Health,9.0,With excitement,Yes,Yes
UC3_UKK_27,Male,18,Yes,Yes,Yes,No,No,No,No,No,No,No,No,No,Yes,Yes,No,No,No,Yes,No,No,No,No,No,No,No,No,No,No,No,No,Yes,Yes,Yes,No,No,No,Yes,Yes,No,Yes,No,No,Heterosexual,Cisgender,No,No,No,,,,No,No
UC3_UKK_28,Male,6,Yes,Yes,Yes,No,No,No,No,No,No,No,No,No,Yes,Yes,No,No,No,No,No,No,No,No,Yes,Yes,No,No,No,No,No,No,No,No,No,No,Yes,No,No,No,No,No,No,No,Heterosexual,Cisgender,No,No,No,,,,No,No
UC3_UKK_29,Male,18,Yes,Yes,Yes,No,No,No,No,No,No,No,No,No,No,Yes,Yes,No,No,No,No,No,No,No,No,No,No,No,No,No,No,No,No,No,No,No,No,No,No,No,No,No,No,No,Heterosexual,Cisgender,No,No,No,,,,Yes,Yes
UC3_UKK_30,Female,15,Yes,Yes,Yes,No,No,No,No,No,No,No,No,No,No,No,No,Yes,No,No,Yes,No,No,No,Yes,Yes,No,No,No,No,No,No,No,Yes,No,Yes,No,No,No,No,Yes,No,No,No,Heterosexual,Cisgender,No,No,No,,,,No,No
UC3_UKK_31,Male,15,No,Yes,Yes,No,No,No,No,No,No,No,No,No,No,No,No,No,No,No,No,No,Yes,No,No,No,No,Yes,Yes,No,No,Yes,No,No,No,Yes,No,No,Yes,No,No,Yes,No,No,Heterosexual,Cisgender,No,No,Yes,,,,No,No
UC3_UKK_32,Male,14,Yes,Yes,Yes,No,No,No,No,No,No,No,No,No,Yes,No,No,No,No,No,No,No,No,No,No,No,No,No,No,No,Yes,No,No,No,Yes,No,Yes,No,No,No,No,No,No,Yes,Heterosexual,Cisgender,No,No,No,,,,No,No
UC3_UKK_33,Male,9,No,No,No,Yes,Yes,Yes,Yes,No,No,No,Yes,No,No,No,No,Yes,Yes,Yes,No,No,No,Yes,Yes,Yes,No,Yes,No,No,Yes,Yes,Yes,Yes,No,Yes,Yes,No,Yes,Yes,Yes,No,Yes,Yes,Heterosexual,Cisgender,No,No,No,"School (exams, timetable change)",6.0,With sadness,Yes,Yes
UC3_UKK_34,Male,9,No,No,No,Yes,Yes,Yes,Yes,No,Yes,No,Yes,No,No,No,No,Yes,Yes,No,No,No,No,Yes,No,No,Yes,Yes,No,Yes,No,Yes,Yes,Yes,Yes,Yes,Yes,No,Yes,Yes,Yes,Yes,Yes,No,Heterosexual,Cisgender,Yes,Yes,Yes,"School (exams, timetable change)",5.0,With frustration,Yes,No
UC3_UKK_35,Female,12,Yes,Yes,Yes,No,No,No,No,No,No,No,No,No,Yes,No,No,No,No,No,Yes,No,No,Yes,No,No,No,No,No,Yes,No,No,No,No,Yes,Yes,No,No,No,No,No,No,Yes,No,Heterosexual,Cisgender,No,No,No,,,,No,No
UC3_UKK_36,Male,12,No,No,No,Yes,Yes,Yes,Yes,No,No,No,Yes,No,No,No,Yes,Yes,Yes,Yes,No,No,No,No,No,No,No,No,No,Yes,Yes,Yes,Yes,Yes,Yes,Yes,No,No,No,Yes,Yes,No,No,No,Others,Cisgender,No,No,No,"School (exams, timetable change)",9.0,With anger,Yes,Yes
UC3_UKK_37,Male,10,No,No,No,No,Yes,Yes,Yes,No,No,No,Yes,Yes,No,No,No,Yes,Yes,Yes,No,No,No,Yes,No,No,Yes,No,No,Yes,Yes,No,No,No,Yes,Yes,Yes,Yes,No,No,No,Yes,Yes,Yes,Heterosexual,Cisgender,No,No,No,Change of professions both in the academic/work field and in Mental Health,6.0,With fear,Yes,Yes
UC3_UKK_38,Male,10,Yes,Yes,No,No,No,No,No,No,No,No,No,No,No,No,Yes,No,No,No,No,No,No,Yes,No,No,No,No,No,No,No,No,No,No,No,Yes,Yes,No,Yes,No,No,No,Yes,Yes,Heterosexual,Cisgender,No,No,Yes,,,,No,No
UC3_UKK_39,Male,6,Yes,Yes,No,No,No,No,No,No,No,No,No,No,Yes,No,No,No,No,No,No,No,No,No,No,No,No,No,No,No,Yes,No,No,No,No,No,No,Yes,No,No,No,No,No,Yes,Heterosexual,Cisgender,No,No,No,,,,No,No
UC3_UKK_40,Male,7,Yes,Yes,Yes,No,No,No,No,No,No,No,No,No,No,Yes,Yes,No,No,No,No,Yes,No,No,No,No,Yes,No,No,No,No,No,Yes,No,No,No,No,No,No,Yes,No,No,No,No,Heterosexual,Non-binary,No,No,No,,,,No,No
UC3_UKK_41,Male,18,No,No,No,Yes,Yes,Yes,Yes,No,No,No,Yes,Yes,No,Yes,Yes,No,No,Yes,No,No,No,Yes,Yes,Yes,Yes,No,No,Yes,No,Yes,Yes,No,Yes,No,Yes,Yes,Yes,Yes,No,No,No,No,Bisexual,Cisgender,No,No,Yes,Adress,18.0,With fear,Yes,No
UC3_UKK_42,Male,17,No,No,No,No,Yes,Yes,Yes,No,No,No,Yes,No,Yes,No,No,No,Yes,Yes,No,No,No,Yes,No,No,Yes,No,Yes,Yes,No,Yes,Yes,Yes,Yes,Yes,No,No,Yes,Yes,No,Yes,Yes,No,Asexual,Cisgender,No,No,No,Adress,15.0,With frustration,Yes,No
UC3_UKK_43,Male,13,No,No,No,No,Yes,Yes,Yes,No,No,No,Yes,No,No,No,No,Yes,Yes,No,No,No,Yes,No,No,No,Yes,Yes,Yes,Yes,Yes,Yes,Yes,No,Yes,No,Yes,Yes,Yes,Yes,No,No,No,No,Heterosexual,Cisgender,Yes,Yes,No,Change of professions both in the academic/work field and in Mental Health,6.0,Always with emotional alteration,Yes,Yes
UC3_UKK_44,Male,14,Yes,Yes,Yes,No,No,No,No,No,No,No,No,No,Yes,Yes,No,No,No,No,Yes,No,No,No,Yes,Yes,No,No,No,No,No,No,No,No,No,No,No,No,No,No,No,No,Yes,No,Heterosexual,Cisgender,No,No,No,,,,No,No
UC3_UKK_45,Male,6,No,No,No,No,Yes,Yes,Yes,No,No,No,Yes,No,No,No,No,Yes,No,Yes,No,No,Yes,No,No,No,No,No,Yes,Yes,Yes,No,No,Yes,Yes,Yes,Yes,No,No,No,No,No,Yes,No,Bisexual,Cisgender,No,No,Yes,Change of professions both in the academic/work field and in Mental Health,5.0,With boringness,Yes,Yes
UC3_UKK_46,Female,17,Yes,Yes,No,No,No,No,No,No,No,No,No,No,Yes,No,Yes,No,No,No,No,No,No,Yes,No,No,Yes,No,No,No,No,No,No,No,No,Yes,No,No,No,No,No,No,Yes,No,Heterosexual,Cisgender,No,No,No,Vacations,12.0,With excitement,No,No
UC3_UKK_47,Female,10,No,Yes,Yes,No,No,No,No,No,No,No,No,No,No,Yes,No,Yes,No,No,No,No,No,No,Yes,Yes,No,No,No,No,No,No,No,No,No,No,No,No,Yes,No,No,Yes,No,No,Heterosexual,Cisgender,No,No,No,,,,No,No
UC3_UKK_48,Male,7,Yes,No,No,No,Yes,Yes,Yes,No,No,No,Yes,No,Yes,Yes,No,No,No,No,No,No,Yes,Yes,No,No,No,No,Yes,Yes,No,Yes,No,No,No,No,Yes,No,No,No,No,Yes,Yes,Yes,Asexual,Cisgender,Yes,No,No,Vacations,6.0,With anger,No,No
UC3_UKK_49,Male,8,No,No,No,Yes,Yes,Yes,Yes,No,No,No,Yes,No,No,No,Yes,Yes,Yes,Yes,No,No,No,Yes,No,No,No,Yes,No,Yes,Yes,No,Yes,No,Yes,No,Yes,Yes,No,Yes,Yes,No,No,Yes,Bisexual,Cisgender,Yes,Yes,No,"School (exams, timetable change)",8.0,With fear,Yes,No
UC3_UKK_50,Female,18,Yes,Yes,Yes,No,No,No,No,No,No,No,No,No,Yes,No,No,No,No,Yes,Yes,No,No,No,No,No,Yes,No,No,No,No,No,No,No,No,No,No,Yes,No,No,No,No,No,No,Heterosexual,Cisgender,No,No,No,,,,No,No
UC3_UKK_51,Male,17,Yes,Yes,No,No,No,No,No,No,No,No,No,No,Yes,No,No,No,No,No,No,Yes,No,No,Yes,No,No,No,No,No,No,Yes,No,Yes,No,Yes,Yes,No,No,No,Yes,No,No,Yes,Heterosexual,Cisgender,No,No,No,,,,No,No
UC3_UKK_52,Male,12,No,No,No,Yes,Yes,Yes,Yes,No,No,No,Yes,No,No,Yes,No,Yes,No,No,No,No,Yes,Yes,No,No,No,No,Yes,No,Yes,No,Yes,Yes,Yes,Yes,Yes,Yes,No,Yes,Yes,No,No,Yes,Heterosexual,Non-binary,No,No,No,,,,Yes,No
UC3_UKK_53,Female,10,No,Yes,No,No,No,No,No,No,No,No,No,No,Yes,No,No,No,No,No,No,No,No,No,No,No,No,No,No,Yes,No,Yes,No,No,No,No,No,No,Yes,No,No,No,No,No,Heterosexual,Cisgender,No,No,Yes,,,,No,No
UC3_UKK_54,Female,9,No,No,No,No,Yes,Yes,Yes,No,No,No,Yes,Yes,No,No,No,Yes,Yes,Yes,No,No,No,Yes,Yes,Yes,Yes,Yes,Yes,Yes,Yes,Yes,Yes,No,No,Yes,Yes,No,Yes,Yes,No,No,No,Yes,Heterosexual,Cisgender,Yes,Yes,No,"School (exams, timetable change)",5.0,With anger,No,No
UC3_UKK_55,Male,11,No,No,No,No,Yes,Yes,Yes,No,No,No,Yes,No,No,No,No,Yes,No,No,No,No,No,Yes,No,No,No,No,Yes,No,Yes,Yes,No,Yes,No,Yes,No,Yes,No,No,Yes,No,Yes,No,Homosexual,Transgender,No,No,No,,,,Yes,Yes
UC3_UKK_56,Female,6,Yes,No,No,No,Yes,Yes,Yes,No,Yes,No,Yes,Yes,Yes,Yes,No,Yes,Yes,No,No,No,No,Yes,Yes,Yes,No,Yes,No,No,Yes,Yes,Yes,Yes,Yes,Yes,No,No,Yes,No,Yes,Yes,Yes,No,Heterosexual,Non-binary,Yes,No,Yes,Vacations,6.0,With fear,Yes,No
UC3_UKK_57,Male,10,No,No,No,No,Yes,Yes,Yes,No,No,No,Yes,Yes,No,No,No,Yes,Yes,Yes,No,Yes,No,Yes,No,No,No,Yes,No,No,No,Yes,Yes,No,Yes,Yes,No,No,Yes,No,No,No,Yes,No,Bisexual,Others,No,No,No,Change of professions both in the academic/work field and in Mental Health,10.0,With boringness,Yes,No
UC3_UKK_58,Male,9,No,No,No,No,Yes,Yes,Yes,No,No,No,Yes,Yes,Yes,No,No,No,Yes,No,Yes,No,No,Yes,No,No,No,No,Yes,Yes,Yes,Yes,Yes,Yes,Yes,Yes,No,Yes,Yes,Yes,Yes,No,Yes,No,Heterosexual,Cisgender,Yes,No,No,Adress,7.0,With anger,Yes,Yes
UC3_UKK_59,Male,16,No,Yes,No,No,No,No,No,No,No,No,No,No,Yes,Yes,Yes,Yes,No,No,No,No,No,No,Yes,No,No,No,No,No,No,Yes,No,Yes,No,No,No,No,Yes,No,Yes,No,No,No,Heterosexual,Cisgender,No,No,No,,,,No,No
UC3_UKK_60,Male,6,No,Yes,Yes,No,No,No,No,No,No,No,No,No,No,No,No,No,Yes,Yes,No,No,No,No,No,No,No,No,No,Yes,Yes,Yes,Yes,No,No,No,Yes,Yes,Yes,No,No,Yes,No,No,Heterosexual,Cisgender,No,No,No,,,,No,No
UC3_UKK_61,Male,9,No,No,No,No,Yes,Yes,Yes,No,No,No,Yes,Yes,No,No,No,No,No,Yes,No,No,No,No,No,No,No,No,No,Yes,Yes,Yes,No,Yes,Yes,No,Yes,Yes,No,No,No,No,No,Yes,Heterosexual,Cisgender,No,No,No,,,,Yes,No
UC3_UKK_62,Male,11,Yes,Yes,No,No,No,No,No,No,No,No,No,No,Yes,No,Yes,No,No,Yes,No,No,No,No,Yes,No,No,No,Yes,No,Yes,Yes,No,No,No,No,Yes,Yes,No,No,No,No,No,Yes,Bisexual,Cisgender,No,No,No,,,,Yes,No
UC3_UKK_63,Male,16,Yes,Yes,No,No,No,No,No,No,No,No,No,No,Yes,No,No,No,No,No,No,No,No,No,No,No,Yes,No,No,No,No,No,No,No,Yes,No,No,No,No,No,No,Yes,No,No,Heterosexual,Cisgender,No,No,No,,,,No,No
UC3_UKK_64,Female,17,No,No,No,No,Yes,Yes,Yes,No,No,No,Yes,Yes,No,No,No,No,Yes,No,No,No,No,No,Yes,Yes,Yes,No,Yes,No,Yes,No,Yes,Yes,Yes,Yes,Yes,No,No,Yes,No,Yes,Yes,Yes,Heterosexual,Cisgender,No,No,No,"School (exams, timetable change)",15.0,With anger,Yes,Yes
UC3_UKK_65,Male,8,No,No,No,No,Yes,Yes,Yes,No,No,No,Yes,No,No,No,No,Yes,Yes,Yes,No,No,No,Yes,Yes,Yes,No,Yes,No,No,Yes,Yes,Yes,No,No,Yes,Yes,No,Yes,No,No,No,Yes,Yes,Others,Transgender,No,No,No,"School (exams, timetable change)",5.0,With fear,Yes,No
UC3_UKK_66,Male,6,Yes,Yes,No,No,No,No,No,No,No,No,No,No,Yes,No,Yes,No,No,No,No,Yes,Yes,No,Yes,Yes,No,Yes,Yes,No,Yes,No,No,Yes,No,No,Yes,Yes,No,Yes,No,No,No,Yes,Heterosexual,Cisgender,No,No,No,,,,No,No
UC3_UKK_67,Male,8,No,No,No,No,Yes,Yes,Yes,No,Yes,No,Yes,Yes,No,No,Yes,Yes,Yes,Yes,No,No,No,Yes,Yes,Yes,No,No,Yes,No,No,Yes,Yes,Yes,Yes,Yes,Yes,Yes,Yes,Yes,Yes,No,Yes,Yes,Asexual,Non-binary,Yes,Yes,Yes,"School (exams, timetable change)",5.0,With fear,Yes,No
UC3_UKK_68,Male,15,No,No,No,Yes,Yes,Yes,Yes,No,No,No,Yes,Yes,No,No,No,Yes,No,No,No,No,No,No,No,No,Yes,No,No,Yes,No,No,Yes,Yes,Yes,No,Yes,No,No,No,Yes,Yes,No,Yes,Heterosexual,Cisgender,Yes,No,No,,,,Yes,Yes
UC3_UKK_69,Male,10,No,No,No,Yes,Yes,Yes,Yes,No,No,No,Yes,Yes,No,No,Yes,No,Yes,Yes,No,No,No,Yes,Yes,Yes,Yes,Yes,No,Yes,No,No,Yes,No,No,Yes,Yes,No,No,Yes,No,No,No,No,Heterosexual,Non-binary,Yes,Yes,Yes,"School (exams, timetable change)",6.0,With fear,Yes,No
UC3_UKK_70,Male,16,No,Yes,Yes,No,No,No,No,No,No,No,No,No,No,No,No,No,No,No,No,No,No,Yes,No,No,No,No,No,No,No,No,Yes,Yes,No,Yes,No,No,No,Yes,Yes,No,Yes,No,Heterosexual,Cisgender,No,No,No,,,,No,No
UC3_UKK_71,Male,12,No,Yes,Yes,No,No,No,No,No,No,No,No,No,Yes,Yes,No,No,No,No,No,No,No,No,No,No,No,No,No,No,No,Yes,No,No,No,Yes,Yes,No,No,Yes,No,No,No,No,Heterosexual,Cisgender,No,No,Yes,,,,No,No
UC3_UKK_72,Male,6,No,No,No,No,Yes,Yes,Yes,No,No,No,Yes,No,Yes,No,No,No,No,Yes,Yes,No,No,No,No,No,No,Yes,Yes,Yes,Yes,No,Yes,No,No,Yes,Yes,Yes,No,No,No,No,Yes,No,Heterosexual,Cisgender,No,No,Yes,Change of professions both in the academic/work field and in Mental Health,6.0,Always with emotional alteration,Yes,No
UC3_UKK_73,Male,7,Yes,Yes,Yes,No,No,No,No,No,No,No,No,No,Yes,No,No,No,No,No,No,No,No,Yes,No,No,No,No,No,No,No,No,No,No,Yes,Yes,No,No,Yes,No,No,Yes,Yes,No,Heterosexual,Cisgender,No,No,No,,,,No,No
UC3_UKK_74,Male,7,No,No,No,Yes,Yes,Yes,Yes,No,No,No,Yes,Yes,Yes,Yes,Yes,Yes,Yes,Yes,No,Yes,No,Yes,Yes,Yes,Yes,No,Yes,No,Yes,No,Yes,No,No,Yes,Yes,No,No,Yes,No,No,Yes,Yes,Asexual,Non-binary,Yes,Yes,No,Change of professions both in the academic/work field and in Mental Health,6.0,With sadness,Yes,No
UC3_UKK_75,Female,16,Yes,Yes,Yes,No,No,No,No,No,No,No,No,No,No,Yes,No,No,No,Yes,No,No,No,Yes,No,No,No,No,No,No,No,No,Yes,No,No,No,Yes,No,No,No,No,No,No,Yes,Heterosexual,Cisgender,Yes,Yes,Yes,,,,Yes,No
UC3_UKK_76,Male,16,Yes,No,No,No,Yes,Yes,Yes,No,No,No,Yes,No,No,No,No,Yes,Yes,No,No,No,No,Yes,No,No,No,No,Yes,No,No,Yes,Yes,Yes,No,No,Yes,No,Yes,Yes,No,No,No,Yes,Heterosexual,Transgender,No,No,No,Vacations,5.0,Always with emotional alteration,Yes,No
UC3_UKK_77,Male,15,No,Yes,Yes,No,No,No,No,No,No,No,No,No,Yes,No,No,No,No,No,No,No,No,No,No,No,No,Yes,No,No,No,No,No,No,No,Yes,No,No,No,No,No,No,Yes,No,Heterosexual,Cisgender,No,No,No,,,,No,No
UC3_UKK_78,Male,6,No,No,No,Yes,Yes,Yes,Yes,No,No,No,Yes,Yes,No,No,Yes,Yes,No,No,No,No,No,Yes,Yes,Yes,No,Yes,Yes,Yes,Yes,Yes,No,No,No,Yes,Yes,No,Yes,No,No,No,Yes,No,Heterosexual,Cisgender,Yes,Yes,Yes,Change of professions both in the academic/work field and in Mental Health,6.0,With anger,Yes,Yes
UC3_UKK_79,Male,6,Yes,Yes,Yes,No,No,No,No,No,No,No,No,No,No,No,No,No,No,No,No,No,No,No,No,No,No,No,No,No,Yes,Yes,No,No,Yes,Yes,No,No,No,No,No,No,No,No,Heterosexual,Cisgender,No,No,No,,,,No,No
UC3_UKK_80,Female,16,Yes,Yes,Yes,No,No,No,No,No,No,No,No,No,Yes,Yes,No,No,No,Yes,Yes,No,No,No,Yes,Yes,No,No,No,No,No,No,No,No,No,No,No,No,No,No,No,No,No,No,Heterosexual,Cisgender,Yes,Yes,No,,,,No,No
UC3_UKK_81,Female,6,No,No,No,Yes,Yes,Yes,Yes,No,No,No,Yes,Yes,No,No,No,No,No,Yes,Yes,No,No,No,No,No,Yes,No,Yes,No,No,No,Yes,Yes,No,Yes,No,No,No,Yes,Yes,Yes,Yes,No,Heterosexual,Cisgender,No,No,No,,,,Yes,No
UC3_UKK_82,Male,16,Yes,Yes,Yes,No,No,No,No,No,No,No,No,No,Yes,No,No,No,No,No,Yes,No,No,No,No,No,No,No,No,No,No,No,No,No,No,No,No,No,No,No,No,Yes,Yes,No,Heterosexual,Cisgender,No,No,No,,,,No,No
UC3_UKK_83,Female,18,No,No,No,Yes,Yes,Yes,Yes,No,No,No,Yes,No,No,Yes,No,No,Yes,No,No,Yes,No,No,No,No,Yes,No,Yes,Yes,Yes,No,Yes,Yes,Yes,Yes,Yes,Yes,Yes,Yes,Yes,No,Yes,Yes,Bisexual,Cisgender,No,No,Yes,,,,Yes,No
UC3_UKK_84,Female,13,No,No,No,Yes,Yes,Yes,Yes,No,No,No,Yes,No,No,No,Yes,Yes,No,Yes,No,No,No,Yes,Yes,Yes,Yes,Yes,No,No,No,Yes,Yes,Yes,Yes,Yes,No,No,Yes,Yes,Yes,Yes,Yes,No,Bisexual,Cisgender,No,No,No,Change of professions both in the academic/work field and in Mental Health,10.0,With frustration,Yes,Yes
UC3_UKK_85,Female,16,Yes,No,No,Yes,Yes,Yes,Yes,No,No,No,Yes,No,Yes,No,Yes,Yes,Yes,No,No,Yes,No,No,Yes,Yes,Yes,No,No,Yes,No,Yes,No,Yes,Yes,No,Yes,No,Yes,No,Yes,No,No,Yes,Others,Transgender,Yes,No,No,"School (exams, timetable change)",6.0,With sadness,Yes,No
UC3_UKK_86,Male,8,No,No,No,No,Yes,Yes,Yes,No,No,No,Yes,Yes,No,Yes,Yes,No,No,Yes,No,No,No,Yes,Yes,No,No,No,No,Yes,Yes,Yes,Yes,Yes,Yes,Yes,No,No,No,No,Yes,Yes,Yes,No,Others,Non-binary,No,No,Yes,"School (exams, timetable change)",7.0,With frustration,Yes,Yes
UC3_UKK_87,Male,16,No,No,No,Yes,Yes,Yes,Yes,No,No,No,Yes,Yes,No,No,Yes,Yes,No,No,No,No,No,Yes,No,No,No,No,No,No,Yes,Yes,No,Yes,Yes,Yes,Yes,No,Yes,No,Yes,Yes,No,Yes,Heterosexual,Cisgender,No,No,No,Vacations,5.0,With anger,Yes,No
UC3_UKK_88,Male,18,Yes,Yes,Yes,No,No,No,No,No,No,No,No,No,Yes,Yes,Yes,No,No,No,No,No,No,No,No,No,Yes,No,No,No,No,No,No,Yes,Yes,No,No,Yes,Yes,No,Yes,Yes,No,No,Heterosexual,Cisgender,No,No,No,,,,No,No
UC3_UKK_89,Male,12,Yes,Yes,No,No,No,No,No,No,No,No,No,No,Yes,No,No,Yes,No,No,No,Yes,No,No,Yes,No,No,No,No,No,No,No,Yes,No,No,No,No,No,No,No,No,No,No,No,Heterosexual,Cisgender,No,No,No,Vacations,8.0,With boringness,No,No
UC3_UKK_90,Male,18,No,No,No,No,Yes,Yes,Yes,No,No,No,Yes,No,No,No,No,Yes,No,Yes,No,No,No,Yes,No,No,No,Yes,No,Yes,Yes,No,Yes,No,Yes,Yes,Yes,No,No,Yes,No,Yes,No,Yes,Heterosexual,Cisgender,No,No,Yes,"School (exams, timetable change)",12.0,With fear,No,No
UC3_UKK_91,Male,13,No,No,No,No,Yes,Yes,Yes,No,No,No,Yes,No,No,No,No,Yes,Yes,Yes,No,No,No,Yes,No,No,Yes,No,No,Yes,Yes,No,Yes,Yes,Yes,No,Yes,No,No,No,Yes,No,No,Yes,Heterosexual,Cisgender,Yes,Yes,No,"School (exams, timetable change)",9.0,Always with emotional alteration,Yes,Yes
UC3_UKK_92,Male,8,Yes,Yes,Yes,No,No,No,No,No,No,No,No,No,Yes,No,No,No,Yes,No,No,No,No,No,No,No,No,No,No,No,No,No,No,Yes,No,Yes,No,No,No,No,Yes,Yes,Yes,No,Heterosexual,Cisgender,No,No,No,,,,No,No
UC3_UKK_93,Female,15,No,No,No,No,Yes,Yes,Yes,No,No,No,Yes,No,No,No,No,Yes,Yes,Yes,No,No,Yes,No,No,No,No,Yes,No,No,Yes,No,Yes,Yes,Yes,Yes,No,No,No,Yes,Yes,Yes,No,No,Heterosexual,Cisgender,No,No,Yes,,,,Yes,Yes
UC3_UKK_94,Male,7,Yes,Yes,Yes,No,No,No,No,No,No,No,No,No,No,No,No,No,Yes,No,No,No,No,No,No,No,No,No,No,No,No,No,No,No,Yes,Yes,Yes,No,No,No,No,No,Yes,Yes,Heterosexual,Cisgender,No,No,No,,,,No,No
UC3_UKK_95,Male,12,Yes,Yes,Yes,No,No,No,No,No,No,No,No,No,No,No,No,No,No,No,Yes,No,No,No,No,No,No,Yes,No,No,Yes,Yes,No,No,No,No,No,Yes,No,No,No,No,No,No,Heterosexual,Cisgender,No,No,Yes,,,,No,No
UC3_UKK_96,Male,10,Yes,Yes,No,No,No,No,No,No,No,No,No,No,Yes,No,No,No,No,No,Yes,No,No,No,No,No,No,No,No,No,No,No,Yes,No,No,Yes,No,No,No,Yes,No,No,Yes,No,Homosexual,Cisgender,No,No,Yes,,,,No,No
UC3_UKK_97,Male,17,No,No,No,Yes,Yes,Yes,Yes,No,No,No,Yes,No,No,Yes,Yes,No,No,No,No,Yes,No,No,No,No,No,No,No,No,No,Yes,No,Yes,No,Yes,Yes,No,Yes,No,Yes,No,No,No,Heterosexual,Cisgender,Yes,No,No,Vacations,15.0,Always with emotional alteration,Yes,Yes
UC3_UKK_98,Male,14,Yes,Yes,No,No,No,No,No,No,No,No,No,No,No,No,No,No,No,Yes,Yes,No,No,No,No,No,No,Yes,No,No,No,No,No,No,Yes,Yes,Yes,Yes,No,No,No,No,Yes,Yes,Bisexual,Cisgender,No,No,No,,,,No,No
UC3_UKK_99,Male,16,Yes,Yes,Yes,No,No,No,No,No,No,No,No,No,No,Yes,Yes,No,No,No,No,Yes,No,No,No,No,No,No,No,No,Yes,No,No,No,No,Yes,No,Yes,Yes,No,Yes,No,No,No,Homosexual,Cisgender,No,No,No,Change of professions both in the academic/work field and in Mental Health,15.0,With fear,No,No
UC3_UKK_100,Female,14,Yes,Yes,Yes,No,No,No,No,No,No,No,No,No,Yes,Yes,No,No,Yes,Yes,No,No,No,No,No,No,No,No,No,No,No,No,No,No,No,No,No,No,No,No,No,No,No,No,Heterosexual,Cisgender,No,No,No,,,,No,No
UC3_UKK_101,Male,7,Yes,Yes,Yes,No,No,No,No,No,No,No,No,No,Yes,No,No,No,No,No,Yes,No,No,No,No,No,No,No,No,No,Yes,Yes,No,No,No,Yes,No,Yes,No,No,No,No,No,No,Heterosexual,Cisgender,No,No,No,,,,No,No
UC3_UKK_102,Male,11,No,No,No,No,Yes,Yes,Yes,No,No,No,Yes,No,No,No,No,Yes,Yes,No,Yes,Yes,No,Yes,No,No,Yes,Yes,No,Yes,No,Yes,Yes,Yes,Yes,Yes,No,No,Yes,No,No,No,Yes,No,Heterosexual,Non-binary,No,No,Yes,"School (exams, timetable change)",6.0,With frustration,Yes,No
UC3_UKK_103,Female,15,No,Yes,Yes,No,No,No,No,No,No,No,No,No,No,Yes,No,No,No,No,No,No,No,No,No,No,Yes,No,No,No,No,No,No,No,No,No,No,No,No,No,No,No,No,No,Heterosexual,Cisgender,No,No,No,,,,No,No
UC3_UKK_104,Male,12,Yes,Yes,Yes,No,No,No,No,No,No,No,No,No,Yes,Yes,No,No,No,No,No,No,No,Yes,No,No,No,Yes,No,No,No,No,Yes,No,No,No,No,No,No,No,No,No,No,No,Heterosexual,Cisgender,No,No,No,Change of professions both in the academic/work field and in Mental Health,10.0,With anger,No,No
UC3_UKK_105,Male,12,Yes,Yes,Yes,No,No,No,No,No,No,No,No,No,Yes,No,No,No,No,Yes,No,No,No,No,No,No,No,No,No,No,No,No,No,No,No,No,No,No,No,No,No,No,No,No,Heterosexual,Cisgender,No,No,No,,,,No,No
UC3_UKK_106,Male,15,No,Yes,Yes,No,No,No,No,No,No,No,No,No,Yes,Yes,No,No,No,Yes,No,Yes,No,Yes,No,No,No,No,Yes,No,No,Yes,No,No,No,No,No,No,Yes,No,No,No,No,No,Heterosexual,Cisgender,No,No,Yes,,,,No,No
UC3_UKK_107,Male,8,No,No,No,No,Yes,Yes,Yes,No,Yes,No,Yes,No,No,No,No,Yes,Yes,Yes,No,Yes,No,Yes,No,No,Yes,Yes,No,No,Yes,Yes,No,Yes,Yes,Yes,Yes,No,Yes,No,No,No,Yes,No,Bisexual,Cisgender,No,No,Yes,Vacations,5.0,With sadness,Yes,Yes
UC3_UKK_108,Male,7,No,No,No,No,Yes,Yes,Yes,No,No,No,Yes,Yes,No,No,No,No,Yes,Yes,Yes,Yes,No,Yes,No,No,Yes,Yes,Yes,No,No,Yes,Yes,Yes,Yes,Yes,Yes,No,Yes,No,Yes,Yes,Yes,Yes,Heterosexual,Non-binary,No,No,Yes,"School (exams, timetable change)",6.0,With frustration,No,No
UC3_UKK_109,Male,6,No,Yes,Yes,No,No,No,No,No,No,No,No,No,No,Yes,Yes,No,No,No,No,No,No,No,Yes,Yes,No,No,No,No,Yes,No,Yes,No,Yes,No,No,Yes,No,No,No,Yes,No,No,Heterosexual,Cisgender,No,No,No,Adress,5.0,Always with emotional alteration,No,No
UC3_UKK_110,Male,11,No,No,No,Yes,Yes,Yes,Yes,No,No,No,Yes,No,No,No,Yes,Yes,No,Yes,No,No,No,No,No,No,No,Yes,No,No,No,Yes,Yes,Yes,Yes,Yes,No,No,No,No,Yes,Yes,No,No,Heterosexual,Cisgender,No,No,Yes,Adress,7.0,With anger,Yes,No
UC3_UKK_111,Male,12,No,No,No,No,Yes,Yes,Yes,No,No,No,Yes,Yes,No,Yes,No,Yes,No,Yes,No,No,No,Yes,Yes,Yes,No,Yes,No,Yes,Yes,Yes,Yes,No,Yes,No,No,Yes,No,Yes,No,No,No,No,Homosexual,Non-binary,Yes,Yes,No,"School (exams, timetable change)",10.0,With anger,Yes,Yes
UC3_UKK_112,Male,6,Yes,No,No,No,Yes,Yes,Yes,No,No,No,Yes,Yes,No,No,No,Yes,No,Yes,No,No,No,Yes,No,No,No,No,Yes,Yes,Yes,No,Yes,Yes,Yes,Yes,No,Yes,No,Yes,Yes,No,Yes,No,Bisexual,Transgender,No,No,No,"School (exams, timetable change)",6.0,Always with emotional alteration,No,No
UC3_UKK_113,Female,13,Yes,No,No,Yes,Yes,Yes,Yes,No,No,No,Yes,Yes,No,Yes,Yes,Yes,Yes,Yes,No,No,No,No,Yes,No,No,Yes,No,No,No,No,Yes,No,Yes,Yes,Yes,No,No,Yes,No,Yes,Yes,Yes,Heterosexual,Cisgender,No,No,Yes,"School (exams, timetable change)",12.0,Always with emotional alteration,Yes,No
UC3_UKK_114,Male,14,Yes,Yes,Yes,No,No,No,No,No,No,No,No,No,Yes,Yes,No,Yes,Yes,No,No,No,No,No,No,No,No,No,No,No,No,No,No,No,No,No,Yes,No,No,No,No,No,No,Yes,Heterosexual,Cisgender,Yes,No,No,,,,No,No
UC3_UKK_115,Male,13,Yes,Yes,No,No,No,No,No,No,No,No,No,No,Yes,No,No,No,Yes,No,No,No,No,No,No,No,No,No,No,No,No,No,Yes,No,No,Yes,Yes,No,No,Yes,Yes,No,Yes,Yes,Heterosexual,Cisgender,No,No,No,,,,No,No
UC3_UKK_116,Female,14,Yes,Yes,Yes,No,No,No,No,No,No,No,No,No,Yes,No,No,No,Yes,No,No,No,No,No,Yes,Yes,No,Yes,No,No,No,Yes,No,No,No,No,No,No,No,No,No,No,No,No,Bisexual,Cisgender,No,No,No,,,,No,No
UC3_UKK_117,Female,10,No,No,No,No,Yes,Yes,Yes,No,No,No,Yes,No,No,No,Yes,No,Yes,No,No,No,No,Yes,No,No,Yes,Yes,Yes,Yes,No,No,Yes,Yes,No,Yes,Yes,No,No,Yes,Yes,No,Yes,Yes,Heterosexual,Transgender,No,No,Yes,Change of professions both in the academic/work field and in Mental Health,9.0,With frustration,Yes,No
UC3_UKK_118,Male,6,No,No,No,Yes,Yes,Yes,Yes,No,No,No,Yes,No,No,No,Yes,No,Yes,No,No,No,No,No,Yes,No,Yes,Yes,Yes,No,Yes,No,Yes,Yes,No,Yes,Yes,No,No,No,Yes,No,No,No,Heterosexual,Cisgender,No,No,No,,,,Yes,Yes
UC3_UKK_119,Male,11,No,No,No,No,Yes,Yes,Yes,No,No,No,Yes,No,No,Yes,Yes,Yes,No,No,No,No,Yes,Yes,No,No,No,Yes,Yes,Yes,Yes,Yes,Yes,Yes,Yes,Yes,Yes,No,No,No,Yes,Yes,Yes,Yes,Heterosexual,Cisgender,No,No,No,Adress,9.0,With fear,No,No
UC3_UKK_120,Male,15,Yes,Yes,Yes,No,No,No,No,No,No,No,No,No,Yes,Yes,Yes,No,No,No,No,No,No,No,No,No,Yes,No,No,No,Yes,No,Yes,No,No,Yes,No,Yes,No,No,No,No,Yes,No,Heterosexual,Cisgender,No,No,No,Change of professions both in the academic/work field and in Mental Health,15.0,With boringness,No,No
UC3_UKK_121,Male,13,No,Yes,Yes,No,No,No,No,No,No,No,No,No,Yes,No,No,No,No,No,No,Yes,No,No,No,No,No,No,No,No,No,No,No,No,No,No,No,No,No,No,No,No,Yes,No,Heterosexual,Cisgender,No,No,No,,,,No,No
UC3_UKK_122,Female,9,No,No,No,Yes,Yes,Yes,Yes,No,No,No,Yes,No,No,No,No,Yes,Yes,No,Yes,Yes,Yes,Yes,No,No,Yes,Yes,Yes,No,No,Yes,Yes,Yes,No,No,No,No,Yes,Yes,No,No,No,No,Homosexual,Non-binary,Yes,No,No,Adress,6.0,With boringness,Yes,Yes
UC3_UKK_123,Male,14,Yes,Yes,Yes,No,No,No,No,No,No,No,No,No,Yes,No,No,No,No,No,No,No,No,No,No,No,No,No,No,No,No,No,No,No,No,Yes,Yes,No,No,No,No,Yes,Yes,No,Heterosexual,Cisgender,No,No,No,,,,No,No
UC3_UKK_124,Male,17,Yes,Yes,Yes,No,No,No,No,No,No,No,No,No,Yes,Yes,No,Yes,No,No,No,No,No,No,No,No,No,No,No,No,No,Yes,No,No,Yes,Yes,No,No,Yes,No,No,Yes,Yes,No,Heterosexual,Cisgender,No,No,No,,,,No,No
UC3_UKK_125,Male,15,No,No,No,No,Yes,Yes,Yes,No,No,No,Yes,No,No,No,No,Yes,No,No,No,No,Yes,Yes,No,No,Yes,Yes,Yes,No,Yes,Yes,No,No,No,No,No,Yes,Yes,No,No,No,No,No,Bisexual,Non-binary,No,No,No,Vacations,7.0,With excitement,Yes,No
UC3_UKK_126,Male,15,No,No,No,No,Yes,Yes,Yes,No,No,No,Yes,Yes,No,No,Yes,Yes,No,No,No,No,No,No,No,No,Yes,Yes,Yes,No,No,No,Yes,Yes,Yes,Yes,Yes,No,No,Yes,No,Yes,Yes,No,Others,Cisgender,Yes,Yes,No,Vacations,14.0,With boringness,No,No
UC3_UKK_127,Male,7,Yes,Yes,Yes,No,No,No,No,No,No,No,No,No,No,Yes,No,No,No,No,No,No,No,No,No,No,No,No,No,No,Yes,Yes,Yes,No,No,No,No,No,Yes,Yes,No,No,No,Yes,Heterosexual,Cisgender,No,No,No,,,,No,No
UC3_UKK_128,Female,6,Yes,Yes,Yes,No,No,No,No,No,No,No,No,No,Yes,No,No,No,No,No,No,Yes,No,No,Yes,No,No,Yes,Yes,No,No,No,No,No,Yes,No,No,No,No,No,No,Yes,No,No,Heterosexual,Cisgender,No,No,No,,,,No,No
UC3_UKK_129,Male,8,No,No,No,Yes,Yes,Yes,Yes,No,No,No,Yes,No,No,No,No,Yes,No,No,Yes,No,No,No,No,No,No,Yes,No,Yes,No,No,Yes,Yes,Yes,Yes,Yes,No,No,No,Yes,Yes,Yes,Yes,Homosexual,Non-binary,No,No,Yes,Vacations,5.0,With excitement,No,No
UC3_UKK_130,Male,16,Yes,No,No,No,Yes,Yes,Yes,No,No,No,Yes,No,Yes,No,Yes,No,No,Yes,No,No,No,No,No,No,Yes,No,No,No,No,Yes,Yes,Yes,Yes,No,No,No,Yes,Yes,Yes,No,No,Yes,Heterosexual,Cisgender,No,No,No,,,,Yes,No
UC3_UKK_131,Female,7,No,No,No,Yes,Yes,Yes,Yes,No,No,No,Yes,No,Yes,No,Yes,No,Yes,Yes,Yes,No,No,Yes,No,No,Yes,Yes,No,Yes,No,Yes,Yes,Yes,No,No,Yes,No,Yes,Yes,Yes,No,No,No,Homosexual,Non-binary,No,No,Yes,Vacations,7.0,With fear,Yes,Yes
UC3_UKK_132,Male,9,Yes,Yes,Yes,No,No,No,No,No,No,No,No,No,Yes,No,Yes,No,No,No,No,No,No,No,No,No,No,No,No,No,No,No,No,Yes,No,Yes,No,No,No,No,Yes,No,Yes,No,Heterosexual,Cisgender,No,No,No,,,,No,No
UC3_UKK_133,Female,18,No,No,No,No,Yes,Yes,Yes,No,No,No,Yes,No,No,No,No,Yes,Yes,Yes,No,No,No,Yes,No,No,Yes,Yes,No,Yes,Yes,Yes,Yes,Yes,No,No,No,No,Yes,Yes,No,No,No,No,Heterosexual,Cisgender,Yes,No,Yes,Vacations,12.0,With fear,No,No
UC3_UKK_134,Female,18,No,Yes,Yes,No,No,No,No,No,No,No,No,No,No,No,No,No,No,Yes,No,No,No,No,Yes,Yes,No,No,No,No,Yes,No,No,No,No,No,No,No,No,No,No,Yes,No,No,Heterosexual,Cisgender,No,No,Yes,,,,No,No
UC3_UKK_135,Female,17,No,No,No,No,Yes,Yes,Yes,No,No,No,Yes,Yes,No,Yes,Yes,Yes,Yes,Yes,No,No,No,Yes,No,No,Yes,Yes,No,No,Yes,Yes,Yes,Yes,No,Yes,No,No,No,No,Yes,No,No,Yes,Bisexual,Cisgender,No,No,No,Change of professions both in the academic/work field and in Mental Health,10.0,With fear,Yes,No
UC3_UKK_136,Male,9,No,No,No,No,Yes,Yes,Yes,No,No,No,Yes,No,No,No,No,No,No,Yes,No,Yes,No,Yes,No,No,No,Yes,Yes,No,Yes,Yes,Yes,No,Yes,Yes,No,Yes,Yes,No,No,Yes,Yes,No,Homosexual,Others,No,No,No,Vacations,7.0,With frustration,Yes,Yes
UC3_UKK_137,Female,10,Yes,Yes,No,No,No,No,No,No,No,No,No,No,No,No,Yes,No,No,No,No,No,No,No,No,No,No,No,Yes,No,No,No,No,No,No,No,No,No,No,Yes,No,No,No,No,Heterosexual,Cisgender,No,No,No,,,,No,No
UC3_UKK_138,Male,9,Yes,Yes,Yes,No,No,No,No,No,No,No,No,No,Yes,Yes,No,Yes,No,No,No,No,Yes,No,No,No,No,No,No,No,No,No,No,No,Yes,No,No,Yes,No,No,No,Yes,No,No,Heterosexual,Cisgender,No,No,No,,,,Yes,No
UC3_UKK_139,Female,9,Yes,Yes,Yes,No,No,No,No,No,No,No,No,No,Yes,Yes,No,No,No,No,No,No,No,No,No,No,Yes,No,No,No,No,Yes,No,No,Yes,No,No,No,No,No,No,Yes,No,No,Heterosexual,Transgender,No,No,No,,,,No,No
UC3_UKK_140,Male,16,Yes,Yes,No,No,No,No,No,No,No,No,No,No,No,No,No,No,No,No,No,No,No,No,No,No,No,No,No,No,No,No,Yes,No,No,Yes,Yes,No,No,Yes,No,No,No,Yes,Heterosexual,Cisgender,No,No,No,,,,No,No
UC3_UKK_141,Male,17,No,No,No,No,Yes,Yes,Yes,No,No,No,Yes,No,No,Yes,No,Yes,Yes,No,No,Yes,Yes,Yes,No,No,Yes,No,No,Yes,Yes,No,Yes,No,No,Yes,Yes,No,Yes,No,Yes,No,Yes,No,Heterosexual,Cisgender,No,No,Yes,Change of professions both in the academic/work field and in Mental Health,11.0,Always with emotional alteration,Yes,Yes
UC3_UKK_142,Female,7,No,No,No,No,Yes,Yes,Yes,No,No,No,Yes,No,No,No,No,No,Yes,No,No,No,No,No,No,No,Yes,Yes,No,No,Yes,No,Yes,Yes,Yes,Yes,No,Yes,No,Yes,Yes,No,No,No,Heterosexual,Cisgender,Yes,Yes,No,Change of professions both in the academic/work field and in Mental Health,7.0,With boringness,Yes,No
UC3_UKK_143,Male,12,Yes,Yes,Yes,No,No,No,No,No,No,No,No,No,No,Yes,No,No,No,No,No,No,No,Yes,No,No,No,No,No,Yes,Yes,No,Yes,Yes,No,No,Yes,No,No,Yes,Yes,No,Yes,No,Bisexual,Cisgender,No,No,No,,,,No,No
UC3_UKK_144,Female,18,No,Yes,Yes,No,No,No,No,No,No,No,No,No,No,Yes,No,No,No,No,Yes,No,No,No,No,No,No,No,No,Yes,No,Yes,Yes,Yes,No,No,No,No,No,Yes,Yes,No,No,No,Others,Cisgender,No,No,No,,,,No,No
UC3_UKK_145,Male,7,Yes,Yes,No,No,No,No,No,No,No,No,No,No,No,No,No,No,No,Yes,Yes,No,No,No,No,No,No,No,No,No,No,No,Yes,Yes,No,No,No,No,Yes,Yes,No,No,No,No,Bisexual,Cisgender,No,No,No,,,,No,No
UC3_UKK_146,Male,6,Yes,No,No,No,Yes,Yes,Yes,No,No,No,Yes,No,No,No,Yes,Yes,No,Yes,No,No,No,No,No,No,Yes,No,No,No,No,Yes,Yes,No,Yes,Yes,Yes,No,Yes,Yes,No,Yes,No,Yes,Heterosexual,Cisgender,No,No,Yes,Adress,5.0,With sadness,Yes,Yes
UC3_UKK_147,Male,15,No,No,No,No,Yes,Yes,Yes,No,No,No,Yes,No,No,No,No,Yes,Yes,Yes,Yes,No,Yes,No,No,No,No,Yes,Yes,Yes,Yes,Yes,Yes,Yes,Yes,No,Yes,Yes,No,Yes,Yes,No,No,Yes,Asexual,Cisgender,No,No,Yes,Vacations,13.0,With anger,Yes,No
UC3_UKK_148,Male,9,Yes,Yes,Yes,No,No,No,No,No,No,No,No,No,Yes,Yes,No,No,No,Yes,No,No,Yes,Yes,No,No,No,No,Yes,No,No,No,Yes,No,Yes,No,No,No,No,No,No,Yes,No,No,Heterosexual,Cisgender,No,No,No,"School (exams, timetable change)",5.0,With fear,No,No
UC3_UKK_149,Female,8,Yes,Yes,Yes,No,No,No,No,No,No,No,No,No,Yes,Yes,No,Yes,Yes,No,No,No,No,No,No,No,No,No,No,No,No,Yes,No,No,No,No,No,No,No,No,No,No,No,Yes,Heterosexual,Cisgender,No,No,No,,,,No,No
UC3_UKK_150,Female,13,No,No,No,No,Yes,Yes,Yes,No,No,No,Yes,Yes,No,No,No,No,Yes,Yes,Yes,No,No,No,No,No,No,Yes,Yes,Yes,No,No,Yes,Yes,No,Yes,No,No,No,Yes,No,No,No,No,Heterosexual,Cisgender,No,No,No,Vacations,12.0,With frustration,Yes,No
UC3_UKK_151,Male,9,Yes,Yes,Yes,No,No,No,No,No,No,No,No,No,No,Yes,Yes,No,Yes,No,No,Yes,No,No,No,No,No,No,No,No,No,Yes,No,No,No,Yes,No,No,Yes,No,No,No,No,No,Bisexual,Cisgender,No,No,No,Vacations,5.0,With boringness,No,No
UC3_UKK_152,Male,9,No,No,No,Yes,Yes,Yes,Yes,No,No,No,Yes,Yes,No,No,Yes,Yes,No,No,No,No,No,No,Yes,Yes,Yes,Yes,No,Yes,Yes,No,Yes,Yes,No,Yes,No,No,No,No,Yes,No,Yes,Yes,Heterosexual,Cisgender,No,No,Yes,"School (exams, timetable change)",8.0,With anger,No,No
UC3_UKK_153,Female,17,Yes,Yes,Yes,No,No,No,No,No,No,No,No,No,Yes,Yes,No,Yes,No,Yes,No,Yes,No,No,No,No,No,Yes,No,No,No,No,Yes,No,Yes,No,No,No,No,Yes,No,Yes,No,No,Heterosexual,Cisgender,No,No,No,,,,No,No
UC3_UKK_154,Female,9,No,No,No,No,Yes,Yes,Yes,No,No,No,Yes,Yes,No,No,Yes,No,Yes,Yes,No,No,No,Yes,No,No,No,No,No,Yes,Yes,No,Yes,No,Yes,No,No,Yes,No,Yes,Yes,No,No,No,Asexual,Non-binary,No,No,Yes,"School (exams, timetable change)",7.0,With excitement,Yes,No
UC3_UKK_155,Female,7,No,Yes,Yes,No,No,No,No,No,No,No,No,No,No,No,No,No,No,No,No,No,No,No,No,No,No,No,No,No,No,No,Yes,No,Yes,Yes,No,No,Yes,Yes,No,Yes,Yes,No,Heterosexual,Cisgender,No,No,No,,,,No,No
UC3_UKK_156,Male,11,No,No,No,Yes,Yes,Yes,Yes,No,No,No,Yes,No,Yes,Yes,Yes,No,Yes,No,No,No,No,No,No,No,Yes,No,Yes,No,Yes,Yes,Yes,Yes,No,Yes,Yes,Yes,No,Yes,No,No,No,Yes,Heterosexual,Cisgender,No,No,No,Change of professions both in the academic/work field and in Mental Health,9.0,With anger,Yes,Yes
UC3_UKK_157,Male,7,Yes,Yes,No,No,No,No,No,No,No,No,No,No,Yes,No,Yes,No,No,No,Yes,No,Yes,No,No,No,Yes,No,No,No,No,No,No,No,No,No,No,No,No,No,No,No,No,No,Heterosexual,Cisgender,No,No,No,,,,No,No
UC3_UKK_158,Male,11,No,No,No,Yes,Yes,Yes,Yes,No,No,No,Yes,Yes,Yes,Yes,Yes,Yes,No,No,Yes,No,Yes,Yes,No,No,No,Yes,Yes,No,No,No,Yes,Yes,Yes,No,Yes,No,No,Yes,No,No,No,No,Asexual,Cisgender,No,No,No,Change of professions both in the academic/work field and in Mental Health,7.0,With anger,Yes,Yes
UC3_UKK_159,Male,10,No,No,No,Yes,Yes,Yes,Yes,No,No,No,Yes,Yes,No,No,Yes,Yes,Yes,Yes,Yes,No,No,No,Yes,Yes,No,No,No,Yes,No,Yes,Yes,No,Yes,Yes,Yes,No,No,No,No,Yes,Yes,No,Bisexual,Cisgender,No,No,No,Vacations,8.0,With anger,No,No
UC3_UKK_160,Male,6,No,No,No,No,Yes,Yes,Yes,No,No,No,Yes,No,No,No,No,No,Yes,No,No,No,No,No,No,No,Yes,No,Yes,Yes,Yes,No,Yes,Yes,No,Yes,Yes,Yes,No,No,Yes,No,Yes,No,Bisexual,Transgender,No,No,No,Adress,5.0,With boringness,Yes,Yes
UC3_UKK_161,Female,17,No,No,No,No,Yes,Yes,Yes,No,No,No,Yes,No,Yes,No,No,Yes,No,Yes,No,No,Yes,No,Yes,No,No,No,No,No,No,Yes,No,Yes,Yes,Yes,Yes,No,Yes,No,Yes,Yes,Yes,Yes,Bisexual,Non-binary,Yes,Yes,Yes,Adress,14.0,With anger,No,No
UC3_UKK_162,Male,15,No,No,No,No,Yes,Yes,Yes,No,Yes,No,Yes,Yes,Yes,No,No,Yes,No,No,No,Yes,Yes,Yes,No,No,No,No,Yes,Yes,Yes,No,Yes,No,Yes,No,Yes,No,No,Yes,No,Yes,Yes,Yes,Heterosexual,Non-binary,No,No,No,Adress,7.0,With frustration,Yes,No
UC3_UKK_163,Male,11,No,Yes,No,No,No,No,No,No,No,No,No,No,No,No,No,No,Yes,No,No,No,No,Yes,Yes,Yes,No,No,No,No,No,No,No,No,No,No,Yes,No,No,No,No,No,No,Yes,Heterosexual,Cisgender,No,No,No,Vacations,8.0,With anger,No,No
UC3_UKK_164,Male,17,Yes,Yes,Yes,No,No,No,No,No,No,No,No,No,No,No,No,No,No,No,No,Yes,No,No,No,No,No,No,No,No,No,Yes,Yes,Yes,Yes,Yes,Yes,No,Yes,No,Yes,No,No,No,Heterosexual,Cisgender,No,No,Yes,Adress,16.0,With sadness,No,No
UC3_UKK_165,Female,13,Yes,Yes,No,No,No,No,No,No,No,No,No,No,No,No,No,Yes,No,Yes,No,No,No,No,Yes,Yes,No,No,No,Yes,No,No,No,Yes,Yes,No,No,No,Yes,No,Yes,Yes,No,No,Bisexual,Cisgender,No,No,No,,,,No,No
UC3_UKK_166,Female,12,Yes,Yes,No,No,No,No,No,No,No,No,No,No,No,No,No,No,No,No,Yes,Yes,No,Yes,No,No,No,No,No,No,No,No,Yes,Yes,No,Yes,No,No,No,No,Yes,No,Yes,No,Heterosexual,Cisgender,No,No,No,,,,No,No
UC3_UKK_167,Female,10,No,Yes,No,No,No,No,No,No,No,No,No,No,No,No,No,No,No,No,No,No,No,No,No,No,No,No,No,Yes,No,No,No,No,No,Yes,No,No,No,Yes,No,No,Yes,No,Heterosexual,Cisgender,No,No,No,"School (exams, timetable change)",7.0,With frustration,No,No
UC3_UKK_168,Male,17,Yes,Yes,No,No,No,No,No,No,No,No,No,No,No,No,No,No,No,Yes,No,Yes,No,No,No,No,No,No,No,Yes,No,No,Yes,No,No,Yes,Yes,No,No,No,Yes,No,Yes,No,Heterosexual,Cisgender,No,No,No,,,,No,No
UC3_UKK_169,Female,18,No,No,No,No,Yes,Yes,Yes,No,No,No,Yes,No,No,Yes,No,Yes,No,No,No,No,No,Yes,Yes,Yes,Yes,No,No,No,Yes,Yes,No,Yes,Yes,No,Yes,No,Yes,No,No,Yes,No,Yes,Heterosexual,Cisgender,No,No,Yes,Change of professions both in the academic/work field and in Mental Health,11.0,With fear,Yes,No
UC3_UKK_170,Male,7,No,No,No,No,Yes,Yes,Yes,No,No,No,Yes,Yes,No,No,No,No,Yes,No,No,No,Yes,Yes,Yes,Yes,No,No,No,Yes,Yes,No,No,Yes,No,Yes,Yes,No,No,No,No,No,Yes,Yes,Heterosexual,Cisgender,No,No,No,Vacations,5.0,With anger,No,No
UC3_UKK_171,Male,18,Yes,Yes,Yes,No,No,No,No,No,No,No,No,No,Yes,No,No,Yes,No,Yes,No,No,Yes,No,No,No,No,No,No,No,Yes,Yes,No,No,No,No,No,No,No,No,No,No,No,No,Asexual,Cisgender,No,No,No,,,,No,No
UC3_UKK_172,Female,18,No,No,No,No,Yes,Yes,Yes,No,No,No,Yes,No,No,No,No,No,No,Yes,No,No,No,No,No,No,No,Yes,Yes,Yes,No,Yes,Yes,Yes,Yes,Yes,Yes,No,No,No,No,No,No,Yes,Heterosexual,Non-binary,No,No,No,Adress,8.0,With anger,Yes,Yes
UC3_UKK_173,Male,13,Yes,Yes,No,No,No,No,No,No,No,No,No,No,Yes,No,No,No,No,No,No,No,No,No,No,No,No,No,No,No,No,No,No,Yes,Yes,No,No,No,No,No,Yes,Yes,No,No,Heterosexual,Cisgender,No,No,No,,,,No,No
UC3_UKK_174,Male,12,Yes,Yes,Yes,No,No,No,No,No,No,No,No,No,Yes,No,No,Yes,No,No,No,No,No,No,No,No,No,No,No,No,Yes,No,No,No,No,Yes,No,No,No,No,No,No,No,No,Heterosexual,Cisgender,No,No,Yes,,,,No,No
UC3_UKK_175,Female,18,Yes,Yes,Yes,No,No,No,No,No,No,No,No,No,Yes,Yes,No,No,No,Yes,No,No,No,No,No,No,No,No,No,No,No,Yes,No,No,No,No,No,No,Yes,No,No,No,No,No,Heterosexual,Cisgender,No,No,No,,,,No,No
UC3_UKK_176,Male,6,Yes,Yes,No,No,No,No,No,No,No,No,No,No,No,No,Yes,No,No,No,No,No,No,No,No,No,No,No,No,No,No,Yes,No,No,No,No,No,No,Yes,No,No,Yes,No,No,Heterosexual,Cisgender,No,No,No,,,,No,No
UC3_UKK_177,Male,16,No,Yes,No,No,No,No,No,No,No,No,No,No,No,No,No,Yes,No,No,No,No,No,No,No,No,No,No,No,No,No,No,No,No,Yes,Yes,Yes,No,No,No,No,Yes,No,Yes,Heterosexual,Cisgender,No,No,No,Vacations,5.0,With frustration,No,No
UC3_UKK_178,Male,17,No,No,No,Yes,Yes,Yes,Yes,No,Yes,No,Yes,Yes,Yes,No,Yes,No,No,No,No,Yes,Yes,Yes,Yes,No,No,Yes,Yes,No,Yes,Yes,Yes,Yes,Yes,Yes,Yes,Yes,Yes,No,No,Yes,Yes,Yes,Asexual,Cisgender,Yes,No,No,,,,Yes,Yes
UC3_UKK_179,Female,10,Yes,Yes,Yes,No,No,No,No,No,No,No,No,No,No,Yes,Yes,No,Yes,No,Yes,No,No,No,Yes,Yes,No,Yes,No,No,No,Yes,No,No,Yes,No,Yes,No,Yes,No,No,No,No,No,Heterosexual,Cisgender,No,No,No,,,,Yes,No
UC3_UKK_180,Female,9,No,No,No,Yes,Yes,Yes,Yes,No,No,No,Yes,No,No,No,Yes,Yes,Yes,Yes,No,No,No,Yes,Yes,Yes,Yes,Yes,No,Yes,Yes,Yes,No,No,Yes,Yes,Yes,No,No,No,No,No,Yes,Yes,Heterosexual,Cisgender,No,No,Yes,Adress,7.0,With sadness,Yes,Yes
UC3_UKK_181,Female,15,Yes,Yes,Yes,No,No,No,No,No,No,No,No,No,Yes,Yes,No,No,No,No,No,No,Yes,Yes,No,No,No,No,No,No,No,No,Yes,No,Yes,No,No,No,No,Yes,No,Yes,No,No,Heterosexual,Cisgender,No,No,No,Adress,15.0,With excitement,No,No
UC3_UKK_182,Male,8,Yes,Yes,Yes,No,No,No,No,No,No,No,No,No,Yes,No,No,No,No,Yes,No,No,No,Yes,No,No,No,No,No,No,No,No,No,Yes,No,Yes,No,No,No,No,Yes,No,No,No,Heterosexual,Cisgender,No,No,No,,,,Yes,No
UC3_UKK_183,Male,15,Yes,No,No,No,Yes,Yes,Yes,No,No,No,Yes,No,No,No,No,Yes,Yes,No,No,No,Yes,Yes,No,No,No,No,No,Yes,Yes,Yes,Yes,No,Yes,Yes,No,No,Yes,Yes,Yes,No,Yes,No,Heterosexual,Cisgender,Yes,Yes,No,,,,Yes,Yes
UC3_UKK_184,Female,12,Yes,Yes,No,No,No,No,No,No,No,No,No,No,No,No,No,No,No,No,No,Yes,No,No,No,No,Yes,No,Yes,No,No,No,No,No,Yes,Yes,No,No,No,No,Yes,Yes,Yes,No,Heterosexual,Cisgender,No,No,No,,,,Yes,No
UC3_UKK_185,Female,18,No,Yes,Yes,No,No,No,No,No,No,No,No,No,No,No,No,No,Yes,No,No,Yes,No,No,No,No,Yes,No,No,No,Yes,Yes,No,Yes,No,No,No,Yes,No,No,Yes,No,No,No,Heterosexual,Cisgender,No,No,No,"School (exams, timetable change)",14.0,With anger,No,No
UC3_UKK_186,Male,13,No,No,No,No,Yes,Yes,Yes,No,No,No,Yes,Yes,No,Yes,No,Yes,Yes,No,No,No,Yes,Yes,Yes,Yes,No,Yes,No,No,No,Yes,No,Yes,Yes,No,Yes,No,Yes,Yes,No,No,No,No,Heterosexual,Cisgender,No,No,Yes,Adress,7.0,With sadness,Yes,Yes
UC3_UKK_187,Male,6,No,Yes,Yes,No,No,No,No,No,No,No,No,No,No,Yes,No,No,No,No,No,No,Yes,No,No,No,No,No,No,No,No,No,No,No,No,Yes,No,No,No,No,No,No,Yes,Yes,Heterosexual,Cisgender,No,No,No,,,,No,No
UC3_UKK_188,Male,6,No,No,No,No,Yes,Yes,Yes,No,No,No,Yes,Yes,Yes,Yes,No,Yes,No,Yes,Yes,No,No,No,No,No,Yes,Yes,No,No,No,No,No,No,Yes,Yes,Yes,No,No,No,No,Yes,Yes,No,Heterosexual,Cisgender,No,No,Yes,,,,No,No
UC3_UKK_189,Male,6,Yes,Yes,Yes,No,No,No,No,No,No,No,No,No,Yes,Yes,No,No,No,No,No,No,No,No,No,No,No,Yes,No,No,No,Yes,Yes,Yes,No,No,No,No,Yes,No,Yes,No,Yes,No,Heterosexual,Cisgender,No,No,No,,,,No,No
UC3_UKK_190,Female,8,Yes,Yes,Yes,No,No,No,No,No,No,No,No,No,No,Yes,No,No,No,No,No,No,No,No,No,No,Yes,No,No,No,No,No,No,No,Yes,Yes,No,No,No,No,No,Yes,Yes,No,Heterosexual,Cisgender,No,No,No,,,,No,No
UC3_UKK_191,Female,13,Yes,Yes,Yes,No,No,No,No,No,No,No,No,No,Yes,No,No,No,No,No,No,No,Yes,No,No,No,No,No,No,No,No,No,No,No,No,Yes,Yes,No,No,No,Yes,No,Yes,Yes,Heterosexual,Cisgender,No,No,No,,,,No,No
UC3_UKK_192,Male,7,No,Yes,Yes,No,No,No,No,No,No,No,No,No,No,Yes,No,No,No,No,No,No,No,No,No,No,Yes,No,No,No,No,No,Yes,No,No,No,No,Yes,No,No,No,No,No,No,Heterosexual,Cisgender,Yes,Yes,No,,,,No,No
UC3_UKK_193,Male,8,No,No,No,No,Yes,Yes,Yes,No,No,No,Yes,Yes,No,No,Yes,No,No,No,Yes,No,Yes,Yes,Yes,No,No,Yes,Yes,No,Yes,Yes,Yes,Yes,No,Yes,Yes,No,Yes,Yes,Yes,No,Yes,No,Bisexual,Cisgender,No,No,No,Adress,8.0,With fear,Yes,Yes
UC3_UKK_194,Male,12,No,Yes,No,No,No,No,No,No,No,No,No,No,No,No,Yes,No,No,Yes,Yes,No,No,No,No,No,Yes,No,No,No,Yes,No,No,Yes,No,No,No,No,No,No,Yes,No,No,No,Heterosexual,Cisgender,No,No,No,,,,No,No
UC3_UKK_195,Male,16,No,No,No,Yes,Yes,Yes,Yes,No,Yes,No,Yes,No,No,No,Yes,Yes,Yes,Yes,No,No,No,No,No,No,Yes,No,Yes,No,Yes,Yes,Yes,Yes,Yes,Yes,Yes,No,Yes,Yes,No,Yes,No,Yes,Heterosexual,Cisgender,No,No,Yes,Adress,8.0,With excitement,No,No
UC3_UKK_196,Male,18,Yes,Yes,No,No,No,No,No,No,No,No,No,No,No,No,Yes,No,Yes,No,No,No,No,No,No,No,No,No,No,No,No,No,No,Yes,No,No,Yes,No,No,No,Yes,No,No,Yes,Heterosexual,Cisgender,No,No,No,,,,No,No
UC3_UKK_197,Male,10,Yes,Yes,Yes,No,No,No,No,No,No,No,No,No,No,No,No,No,No,No,Yes,No,No,No,No,No,No,No,No,No,Yes,No,No,No,No,No,No,No,No,No,No,No,No,No,Homosexual,Cisgender,No,No,No,,,,No,No
UC3_UKK_198,Female,9,No,No,No,No,Yes,Yes,Yes,No,No,No,Yes,No,No,No,No,No,Yes,No,No,No,No,Yes,No,No,No,No,No,Yes,Yes,Yes,Yes,Yes,No,Yes,Yes,Yes,Yes,No,Yes,No,Yes,Yes,Heterosexual,Cisgender,Yes,No,No,,,,Yes,Yes
UC3_UKK_199,Male,18,No,No,No,No,Yes,Yes,Yes,No,No,No,Yes,No,No,No,No,Yes,No,No,No,No,No,Yes,No,No,Yes,No,Yes,Yes,Yes,Yes,Yes,Yes,No,Yes,No,No,Yes,No,Yes,No,Yes,No,Asexual,Cisgender,No,No,Yes,,,,No,No
UC3_UKK_200,Male,14,Yes,Yes,Yes,No,No,No,No,No,No,No,No,No,Yes,No,No,No,No,No,No,Yes,No,No,No,No,No,No,No,No,Yes,Yes,No,No,No,No,No,No,Yes,No,Yes,Yes,No,No,Heterosexual,Transgender,No,No,No,,,,No,No
UC3_UKK_201,Female,8,Yes,Yes,No,No,No,No,No,No,No,No,No,No,Yes,No,No,No,No,No,No,No,Yes,No,No,No,No,No,No,No,Yes,No,Yes,No,No,No,No,No,No,No,No,Yes,No,No,Heterosexual,Cisgender,No,No,No,"School (exams, timetable change)",7.0,With anger,No,No
UC3_UKK_202,Male,7,Yes,Yes,Yes,No,No,No,No,No,No,No,No,No,Yes,No,No,No,No,No,Yes,No,No,No,No,No,No,No,No,No,No,No,No,No,No,No,Yes,No,No,No,No,No,No,Yes,Heterosexual,Cisgender,No,No,No,,,,No,No
UC3_UKK_203,Male,14,Yes,Yes,Yes,No,No,No,No,No,No,No,No,No,Yes,No,No,Yes,No,No,No,No,No,No,No,No,No,No,No,No,Yes,Yes,No,Yes,No,No,Yes,Yes,No,No,Yes,No,No,Yes,Heterosexual,Cisgender,Yes,Yes,No,,,,No,No
UC3_UKK_204,Male,8,No,No,No,No,Yes,Yes,Yes,No,No,No,Yes,No,No,No,Yes,No,Yes,No,No,No,No,No,No,No,No,Yes,No,No,No,Yes,Yes,No,Yes,Yes,Yes,No,No,Yes,Yes,No,Yes,No,Heterosexual,Cisgender,Yes,No,Yes,"School (exams, timetable change)",6.0,Always with emotional alteration,Yes,No
UC3_UKK_205,Male,9,No,No,No,No,Yes,Yes,Yes,No,No,No,Yes,No,Yes,No,No,Yes,Yes,No,No,No,No,Yes,Yes,Yes,No,No,No,Yes,Yes,No,Yes,Yes,Yes,No,Yes,No,No,Yes,Yes,No,No,Yes,Heterosexual,Cisgender,No,No,No,"School (exams, timetable change)",9.0,With anger,Yes,No
UC3_UKK_206,Male,17,Yes,Yes,Yes,No,No,No,No,No,No,No,No,No,No,No,Yes,No,No,No,No,No,No,No,Yes,No,Yes,Yes,No,No,No,No,No,No,No,Yes,No,No,No,No,Yes,No,Yes,No,Heterosexual,Cisgender,No,No,No,,,,No,No
UC3_UKK_207,Male,9,No,No,No,No,Yes,Yes,Yes,No,No,No,Yes,Yes,No,No,No,Yes,Yes,Yes,No,No,No,Yes,No,No,Yes,No,No,No,No,Yes,No,No,No,No,Yes,No,No,No,No,No,No,Yes,Heterosexual,Others,Yes,Yes,Yes,"School (exams, timetable change)",8.0,With anger,No,No
UC3_UKK_208,Female,18,No,No,No,Yes,Yes,Yes,Yes,No,No,No,Yes,Yes,No,No,Yes,Yes,No,Yes,No,No,No,No,Yes,Yes,No,Yes,Yes,No,Yes,No,Yes,No,Yes,Yes,Yes,Yes,No,Yes,No,Yes,Yes,Yes,Heterosexual,Cisgender,No,No,No,"School (exams, timetable change)",13.0,With excitement,Yes,No
UC3_UKK_209,Male,8,Yes,Yes,Yes,No,No,No,No,No,No,No,No,No,No,No,No,No,No,No,No,No,No,No,No,No,No,No,No,Yes,Yes,No,Yes,No,No,No,Yes,Yes,No,Yes,No,No,No,Yes,Heterosexual,Cisgender,No,No,No,Change of professions both in the academic/work field and in Mental Health,6.0,With sadness,No,No
UC3_UKK_210,Male,11,No,No,No,No,Yes,Yes,Yes,No,No,No,Yes,No,No,No,No,Yes,No,No,No,No,No,No,No,No,No,Yes,Yes,No,No,Yes,Yes,Yes,Yes,No,Yes,No,No,Yes,Yes,No,No,No,Heterosexual,Cisgender,No,No,Yes,Vacations,11.0,With frustration,Yes,No
UC3_UKK_211,Male,14,No,No,No,No,Yes,Yes,Yes,No,No,No,Yes,No,No,No,Yes,Yes,No,Yes,No,No,No,Yes,No,No,No,No,Yes,No,No,No,No,Yes,Yes,Yes,Yes,No,No,No,Yes,Yes,Yes,Yes,Others,Cisgender,No,No,Yes,Adress,13.0,With frustration,Yes,No
UC3_UKK_212,Female,6,No,No,No,No,Yes,Yes,Yes,No,No,No,Yes,No,No,Yes,No,No,Yes,Yes,No,No,No,Yes,No,No,No,Yes,No,No,Yes,Yes,Yes,No,Yes,No,Yes,Yes,No,No,No,No,No,No,Heterosexual,Cisgender,No,No,No,"School (exams, timetable change)",6.0,With anger,Yes,Yes
UC3_UKK_213,Male,11,No,No,No,No,Yes,Yes,Yes,No,No,No,Yes,No,No,No,No,Yes,Yes,Yes,No,No,No,Yes,No,No,No,No,No,Yes,Yes,No,Yes,No,Yes,Yes,Yes,No,No,No,No,Yes,Yes,Yes,Asexual,Cisgender,No,No,No,Change of professions both in the academic/work field and in Mental Health,6.0,With excitement,No,No
UC3_UKK_214,Male,9,Yes,Yes,Yes,No,No,No,No,No,No,No,No,No,Yes,Yes,No,No,Yes,Yes,No,No,No,No,No,No,No,Yes,No,Yes,Yes,No,No,No,No,No,Yes,Yes,No,No,Yes,No,No,No,Heterosexual,Cisgender,No,No,No,Vacations,7.0,With fear,No,No
UC3_UKK_215,Male,8,Yes,Yes,Yes,No,No,No,No,No,No,No,No,No,Yes,No,No,No,Yes,No,No,No,No,No,Yes,No,No,No,Yes,No,No,Yes,Yes,Yes,No,No,No,No,No,Yes,Yes,Yes,No,No,Others,Cisgender,No,No,No,,,,No,No
UC3_UKK_216,Male,8,Yes,Yes,Yes,No,No,No,No,No,No,No,No,No,Yes,Yes,Yes,No,No,No,Yes,No,No,No,No,No,No,No,No,No,No,Yes,Yes,No,No,No,No,No,Yes,No,No,No,No,No,Heterosexual,Cisgender,No,No,No,,,,No,No
UC3_UKK_217,Male,7,No,No,No,No,Yes,Yes,Yes,No,No,No,Yes,No,No,Yes,No,No,Yes,No,No,No,No,Yes,No,No,No,No,Yes,Yes,No,Yes,Yes,No,Yes,Yes,No,No,Yes,No,No,No,Yes,No,Heterosexual,Non-binary,No,No,No,"School (exams, timetable change)",7.0,With anger,Yes,No
UC3_UKK_218,Male,14,Yes,Yes,Yes,No,No,No,No,No,No,No,No,No,No,Yes,No,No,No,No,No,No,No,No,No,No,No,No,No,No,No,No,Yes,Yes,No,Yes,No,No,No,No,No,No,Yes,No,Heterosexual,Cisgender,No,No,No,,,,No,No
UC3_UKK_219,Male,12,No,No,No,No,Yes,Yes,Yes,No,No,No,Yes,No,No,No,No,Yes,No,Yes,Yes,No,No,No,No,No,No,Yes,Yes,No,No,Yes,Yes,No,Yes,Yes,Yes,No,Yes,Yes,No,No,Yes,Yes,Asexual,Cisgender,No,No,Yes,Change of professions both in the academic/work field and in Mental Health,10.0,With frustration,Yes,No
UC3_UKK_220,Female,17,Yes,Yes,Yes,No,No,No,No,No,No,No,No,No,Yes,No,No,No,No,No,No,No,No,No,No,No,No,No,No,No,No,No,No,Yes,No,No,No,No,No,No,Yes,Yes,No,No,Heterosexual,Cisgender,No,No,No,,,,No,No
UC3_UKK_221,Male,12,Yes,Yes,Yes,No,No,No,No,No,No,No,No,No,No,No,No,No,Yes,No,Yes,No,No,No,Yes,Yes,Yes,No,No,No,No,No,No,No,No,No,No,No,No,No,No,No,No,No,Homosexual,Cisgender,No,No,No,,,,No,No
UC3_UKK_222,Male,8,Yes,Yes,Yes,No,No,No,No,No,No,No,No,No,Yes,No,No,No,Yes,No,No,Yes,No,No,No,No,Yes,No,No,No,No,No,No,No,Yes,Yes,No,No,No,No,Yes,Yes,Yes,No,Heterosexual,Cisgender,No,No,No,,,,No,No
UC3_UKK_223,Male,16,No,No,No,No,Yes,Yes,Yes,No,No,No,Yes,No,No,No,No,Yes,Yes,Yes,No,No,No,Yes,No,No,No,Yes,No,Yes,Yes,No,Yes,Yes,No,Yes,Yes,No,Yes,Yes,No,No,No,Yes,Heterosexual,Cisgender,Yes,Yes,No,Vacations,12.0,With sadness,No,No
UC3_UKK_224,Male,6,Yes,Yes,Yes,No,No,No,No,No,No,No,No,No,Yes,No,No,No,No,No,No,No,No,No,No,No,Yes,No,No,No,Yes,No,Yes,Yes,No,Yes,No,No,Yes,Yes,No,No,Yes,No,Heterosexual,Cisgender,No,No,No,,,,No,No
UC3_UKK_225,Male,6,Yes,Yes,No,No,No,No,No,No,No,No,No,No,No,No,No,No,No,No,Yes,No,No,No,Yes,Yes,No,No,No,No,No,No,Yes,No,No,No,No,No,No,No,No,No,No,No,Heterosexual,Cisgender,No,No,No,,,,No,No
UC3_UKK_226,Female,7,No,No,No,No,Yes,Yes,Yes,No,No,No,Yes,No,No,No,No,Yes,Yes,Yes,No,Yes,No,No,No,No,No,No,Yes,Yes,Yes,Yes,Yes,No,No,Yes,No,Yes,Yes,Yes,No,No,Yes,No,Homosexual,Cisgender,No,No,No,Change of professions both in the academic/work field and in Mental Health,7.0,With frustration,Yes,No
UC3_UKK_227,Female,15,No,Yes,No,No,No,No,No,No,No,No,No,No,No,No,No,No,No,No,No,No,Yes,No,No,No,No,Yes,No,No,No,Yes,No,No,No,No,No,No,Yes,No,No,No,No,No,Heterosexual,Cisgender,No,No,Yes,,,,No,No
UC3_UKK_228,Male,7,No,No,No,No,Yes,Yes,Yes,No,No,No,Yes,Yes,No,No,No,No,Yes,Yes,No,No,No,Yes,Yes,No,No,Yes,No,Yes,Yes,Yes,Yes,Yes,Yes,Yes,Yes,Yes,Yes,Yes,No,No,Yes,No,Heterosexual,Cisgender,No,No,Yes,Change of professions both in the academic/work field and in Mental Health,7.0,With anger,Yes,No
UC3_UKK_229,Male,18,Yes,Yes,Yes,No,No,No,No,No,No,No,No,No,Yes,Yes,No,No,Yes,No,No,Yes,No,No,No,No,No,No,No,No,No,No,No,Yes,No,No,No,No,No,No,Yes,Yes,No,No,Heterosexual,Cisgender,No,No,No,,,,No,No
UC3_UKK_230,Female,16,Yes,Yes,Yes,No,No,No,No,No,No,No,No,No,No,Yes,No,No,Yes,No,Yes,No,No,No,No,No,Yes,No,No,No,No,Yes,No,No,No,No,No,No,Yes,No,No,No,No,Yes,Heterosexual,Cisgender,No,No,Yes,,,,No,No
UC3_UKK_231,Female,10,No,No,No,No,Yes,Yes,Yes,No,No,No,Yes,Yes,No,No,No,Yes,Yes,No,No,No,No,No,No,No,No,No,Yes,Yes,No,No,No,Yes,No,Yes,Yes,No,No,No,Yes,No,No,No,Others,Non-binary,No,No,Yes,Change of professions both in the academic/work field and in Mental Health,10.0,Always with emotional alteration,No,No
UC3_UKK_232,Male,13,Yes,Yes,Yes,No,No,No,No,No,No,No,No,No,No,No,Yes,Yes,No,No,Yes,No,No,No,No,No,No,No,No,No,No,No,No,No,No,Yes,No,Yes,No,No,No,No,Yes,No,Heterosexual,Cisgender,No,No,No,,,,No,No
UC3_UKK_233,Female,6,No,No,No,No,Yes,Yes,Yes,No,No,No,Yes,Yes,No,No,No,Yes,Yes,No,No,No,Yes,Yes,Yes,No,No,No,Yes,No,Yes,Yes,No,Yes,Yes,Yes,No,No,Yes,No,Yes,No,Yes,Yes,Asexual,Non-binary,Yes,Yes,No,"School (exams, timetable change)",6.0,Always with emotional alteration,Yes,Yes
UC3_UKK_234,Male,9,Yes,Yes,No,No,No,No,No,No,No,No,No,No,Yes,Yes,No,No,No,Yes,No,Yes,No,No,No,No,No,No,No,No,Yes,Yes,No,Yes,No,Yes,Yes,No,No,No,No,No,Yes,Yes,Heterosexual,Cisgender,No,No,No,,,,No,No
UC3_UKK_235,Male,17,Yes,Yes,Yes,No,No,No,No,No,No,No,No,No,No,Yes,Yes,No,Yes,No,No,No,No,No,No,No,No,No,No,No,No,No,Yes,No,No,Yes,No,No,No,No,No,No,Yes,No,Heterosexual,Cisgender,No,No,No,,,,No,No
UC3_UKK_236,Male,8,No,No,No,Yes,Yes,Yes,Yes,No,No,No,Yes,No,No,No,Yes,No,No,Yes,No,No,Yes,No,No,No,No,No,No,No,Yes,No,Yes,No,No,Yes,Yes,No,No,Yes,Yes,No,Yes,Yes,Heterosexual,Cisgender,No,No,No,Vacations,8.0,With boringness,Yes,No
UC3_UKK_237,Male,7,Yes,Yes,Yes,No,No,No,No,No,No,No,No,No,No,Yes,No,No,No,No,No,Yes,No,No,No,No,No,No,No,No,Yes,No,No,No,No,No,No,No,No,No,No,No,No,No,Heterosexual,Cisgender,No,No,No,Adress,5.0,With fear,No,No
UC3_UKK_238,Male,12,No,No,No,Yes,Yes,Yes,Yes,No,No,No,Yes,Yes,No,No,Yes,No,Yes,Yes,No,No,No,Yes,No,No,Yes,Yes,Yes,No,No,Yes,Yes,No,Yes,Yes,No,Yes,No,Yes,No,No,Yes,No,Heterosexual,Others,No,No,Yes,Adress,9.0,With fear,No,No
UC3_UKK_239,Male,16,No,No,No,No,Yes,Yes,Yes,No,Yes,No,Yes,Yes,No,No,No,No,No,No,Yes,Yes,No,Yes,Yes,No,No,No,No,No,Yes,No,Yes,Yes,Yes,Yes,Yes,No,No,Yes,No,Yes,No,Yes,Heterosexual,Cisgender,No,No,No,Vacations,5.0,Always with emotional alteration,Yes,Yes
UC3_UKK_240,Female,10,No,No,No,No,Yes,Yes,Yes,No,Yes,No,Yes,No,No,No,Yes,Yes,Yes,No,Yes,Yes,No,No,No,No,Yes,No,Yes,Yes,Yes,Yes,Yes,No,Yes,Yes,No,Yes,Yes,Yes,No,No,Yes,No,Heterosexual,Cisgender,Yes,Yes,No,Adress,6.0,Always with emotional alteration,No,No
UC3_UKK_241,Female,9,No,No,No,Yes,Yes,Yes,Yes,No,No,No,Yes,No,No,Yes,Yes,No,Yes,Yes,No,Yes,No,No,No,No,Yes,No,No,Yes,No,No,Yes,Yes,Yes,Yes,No,Yes,No,Yes,Yes,No,Yes,No,Heterosexual,Cisgender,Yes,Yes,No,"School (exams, timetable change)",8.0,Always with emotional alteration,Yes,Yes
UC3_UKK_242,Female,18,No,No,No,No,Yes,Yes,Yes,No,No,No,Yes,Yes,No,No,No,No,Yes,No,No,No,No,Yes,Yes,Yes,No,Yes,No,Yes,Yes,Yes,Yes,No,No,Yes,Yes,Yes,No,Yes,No,No,No,Yes,Heterosexual,Cisgender,No,No,No,,,,Yes,No
UC3_UKK_243,Male,8,No,No,No,No,Yes,Yes,Yes,No,No,No,Yes,Yes,No,Yes,No,No,No,Yes,No,No,No,Yes,No,No,Yes,No,Yes,Yes,No,No,No,Yes,Yes,No,No,No,No,No,Yes,Yes,No,No,Heterosexual,Cisgender,No,No,No,Vacations,7.0,With sadness,Yes,No
UC3_UKK_244,Male,7,No,No,No,Yes,Yes,Yes,Yes,No,No,No,Yes,Yes,No,No,No,No,Yes,Yes,No,Yes,No,No,Yes,Yes,No,Yes,No,No,Yes,Yes,Yes,Yes,Yes,Yes,Yes,No,No,Yes,No,Yes,No,Yes,Asexual,Transgender,Yes,Yes,Yes,Adress,7.0,With sadness,Yes,Yes
UC3_UKK_245,Male,12,No,No,No,Yes,Yes,Yes,Yes,No,No,No,Yes,Yes,No,No,Yes,No,Yes,Yes,No,No,No,Yes,Yes,No,No,Yes,Yes,No,Yes,Yes,Yes,Yes,Yes,No,Yes,Yes,No,Yes,No,Yes,Yes,Yes,Others,Cisgender,No,No,Yes,Change of professions both in the academic/work field and in Mental Health,7.0,Always with emotional alteration,Yes,No
UC3_UKK_246,Male,13,No,No,No,No,Yes,Yes,Yes,No,No,No,Yes,Yes,No,No,No,No,Yes,No,No,No,No,Yes,Yes,No,No,No,Yes,Yes,No,No,No,Yes,Yes,Yes,No,No,No,No,No,Yes,No,No,Heterosexual,Cisgender,No,No,Yes,,,,Yes,No
UC3_UKK_247,Male,11,Yes,Yes,Yes,No,No,No,No,No,No,No,No,No,No,Yes,No,No,No,No,No,No,Yes,No,No,No,Yes,No,No,No,No,Yes,Yes,No,No,No,Yes,No,Yes,Yes,No,No,No,Yes,Heterosexual,Cisgender,No,No,Yes,"School (exams, timetable change)",9.0,Always with emotional alteration,No,No
UC3_UKK_248,Male,16,No,No,No,Yes,Yes,Yes,Yes,No,No,No,Yes,Yes,No,No,No,Yes,No,Yes,No,No,Yes,Yes,No,No,Yes,No,Yes,No,Yes,Yes,Yes,No,Yes,Yes,No,Yes,No,Yes,No,No,Yes,No,Heterosexual,Transgender,Yes,Yes,Yes,Vacations,11.0,With anger,Yes,Yes
UC3_UKK_249,Male,17,No,No,No,No,Yes,Yes,Yes,No,No,No,Yes,No,No,No,No,Yes,Yes,Yes,No,No,No,No,No,No,Yes,No,Yes,No,No,No,No,No,Yes,No,Yes,No,No,No,No,Yes,No,No,Heterosexual,Cisgender,Yes,No,No,Adress,10.0,With excitement,Yes,No
UC3_UKK_250,Male,16,Yes,Yes,No,No,No,No,No,No,No,No,No,No,No,No,No,No,No,No,No,No,Yes,No,No,No,Yes,No,No,No,No,Yes,Yes,No,No,Yes,No,Yes,Yes,No,Yes,No,Yes,No,Heterosexual,Cisgender,No,No,No,,,,No,No
UC3_UKK_251,Male,18,Yes,Yes,Yes,No,No,No,No,No,No,No,No,No,Yes,No,No,No,No,No,No,No,No,No,No,No,No,No,No,No,No,No,Yes,Yes,No,No,No,No,No,Yes,Yes,No,No,No,Heterosexual,Cisgender,No,No,No,"School (exams, timetable change)",11.0,With boringness,No,No
UC3_UKK_252,Male,9,No,No,No,No,Yes,Yes,Yes,No,No,No,Yes,No,No,No,No,Yes,Yes,Yes,No,No,No,No,No,No,No,Yes,Yes,No,Yes,Yes,Yes,Yes,Yes,Yes,Yes,No,No,Yes,No,No,Yes,Yes,Others,Cisgender,Yes,No,Yes,"School (exams, timetable change)",6.0,With anger,No,No
UC3_UKK_253,Male,10,Yes,Yes,No,No,No,No,No,No,No,No,No,No,No,No,Yes,No,No,No,No,No,No,No,No,No,No,No,No,Yes,No,Yes,No,No,No,No,Yes,No,No,No,No,No,No,Yes,Heterosexual,Cisgender,No,No,No,,,,No,No
UC3_UKK_254,Male,17,No,No,No,No,Yes,Yes,Yes,No,No,No,Yes,Yes,Yes,No,No,No,Yes,Yes,No,No,No,No,Yes,Yes,No,Yes,No,Yes,Yes,No,No,Yes,No,Yes,Yes,Yes,No,Yes,Yes,No,Yes,No,Others,Cisgender,No,No,No,Change of professions both in the academic/work field and in Mental Health,13.0,With sadness,Yes,Yes
UC3_UKK_255,Female,7,Yes,No,No,No,Yes,Yes,Yes,No,No,No,Yes,Yes,No,No,No,Yes,Yes,Yes,No,Yes,No,Yes,No,No,Yes,No,Yes,Yes,Yes,No,Yes,Yes,No,Yes,Yes,Yes,No,No,Yes,No,Yes,Yes,Heterosexual,Cisgender,Yes,Yes,Yes,"School (exams, timetable change)",7.0,With sadness,No,No
UC3_UKK_256,Male,8,No,No,No,No,Yes,Yes,Yes,No,No,No,Yes,Yes,No,No,No,No,No,Yes,No,Yes,Yes,Yes,Yes,Yes,Yes,Yes,Yes,Yes,No,Yes,No,Yes,Yes,Yes,Yes,No,No,No,No,Yes,Yes,No,Heterosexual,Cisgender,Yes,No,No,,,,Yes,No
UC3_UKK_257,Male,15,No,No,No,No,Yes,Yes,Yes,No,No,No,Yes,No,No,Yes,No,Yes,No,No,Yes,No,No,Yes,No,No,No,Yes,Yes,Yes,No,Yes,Yes,Yes,Yes,Yes,Yes,Yes,Yes,Yes,Yes,Yes,Yes,No,Heterosexual,Cisgender,No,No,No,"School (exams, timetable change)",9.0,With fear,No,No
UC3_UKK_258,Male,7,Yes,Yes,No,No,No,No,No,No,No,No,No,No,No,No,No,No,No,No,Yes,No,No,No,No,No,No,No,No,No,No,No,Yes,No,No,Yes,Yes,No,No,Yes,No,No,Yes,Yes,Heterosexual,Cisgender,No,No,No,,,,No,No
UC3_UKK_259,Female,9,No,No,No,No,Yes,Yes,Yes,No,No,No,Yes,Yes,No,No,No,No,Yes,No,No,No,No,Yes,Yes,No,No,No,Yes,No,No,Yes,Yes,Yes,No,Yes,Yes,No,Yes,Yes,Yes,No,Yes,No,Heterosexual,Non-binary,No,No,No,"School (exams, timetable change)",6.0,With sadness,Yes,No
UC3_UKK_260,Male,8,No,No,No,Yes,Yes,Yes,Yes,No,No,No,Yes,No,No,No,No,No,No,Yes,No,No,No,Yes,Yes,Yes,Yes,Yes,No,No,Yes,Yes,No,Yes,Yes,Yes,No,No,Yes,No,Yes,Yes,No,No,Heterosexual,Cisgender,Yes,Yes,No,"School (exams, timetable change)",6.0,With excitement,No,No
UC3_UKK_261,Male,7,Yes,Yes,Yes,No,No,No,No,No,No,No,No,No,Yes,Yes,No,No,No,No,No,Yes,No,No,Yes,Yes,No,No,No,No,No,No,Yes,No,No,Yes,No,No,No,Yes,No,No,No,No,Heterosexual,Cisgender,No,No,No,,,,No,No
UC3_UKK_262,Male,12,Yes,Yes,No,No,No,No,No,No,No,No,No,No,Yes,No,No,No,No,No,No,No,Yes,No,No,No,No,No,No,No,No,Yes,No,Yes,No,Yes,Yes,No,Yes,No,Yes,No,No,No,Heterosexual,Cisgender,No,No,No,,,,No,No
UC3_UKK_263,Female,17,No,No,No,Yes,Yes,Yes,Yes,No,No,No,Yes,Yes,No,No,Yes,No,Yes,Yes,Yes,No,No,No,Yes,Yes,Yes,No,Yes,Yes,No,Yes,Yes,Yes,Yes,Yes,No,No,Yes,Yes,Yes,No,Yes,No,Heterosexual,Cisgender,No,No,No,Vacations,12.0,With fear,Yes,Yes
UC3_UKK_264,Female,9,No,Yes,Yes,No,No,No,No,No,No,No,No,No,No,Yes,No,No,No,No,No,No,No,No,No,No,Yes,No,No,No,No,No,Yes,No,No,No,No,No,No,Yes,No,No,No,No,Asexual,Cisgender,No,No,No,,,,No,No
UC3_UKK_265,Male,12,No,No,No,No,Yes,Yes,Yes,No,No,No,Yes,Yes,No,No,No,Yes,No,Yes,No,No,Yes,Yes,Yes,No,No,Yes,Yes,No,Yes,Yes,No,No,Yes,No,Yes,Yes,No,No,No,No,No,Yes,Others,Cisgender,No,No,No,,,,Yes,No
UC3_UKK_266,Male,14,Yes,Yes,No,No,No,No,No,No,No,No,No,No,Yes,No,No,Yes,No,No,No,No,No,No,Yes,Yes,No,No,No,Yes,Yes,No,No,Yes,No,No,No,Yes,No,No,No,No,No,No,Heterosexual,Others,No,No,No,,,,No,No
UC3_UKK_267,Female,15,No,No,No,No,Yes,Yes,Yes,No,No,No,Yes,Yes,Yes,No,No,Yes,Yes,Yes,No,No,Yes,Yes,Yes,Yes,Yes,No,Yes,Yes,No,Yes,No,Yes,No,Yes,Yes,No,Yes,No,Yes,Yes,No,Yes,Homosexual,Cisgender,No,No,No,Adress,6.0,With frustration,Yes,Yes
UC3_UKK_268,Male,13,Yes,Yes,Yes,No,No,No,No,No,No,No,No,No,No,Yes,No,Yes,No,No,No,No,No,No,No,No,No,Yes,No,No,Yes,Yes,No,No,Yes,No,No,Yes,No,No,Yes,No,No,No,Heterosexual,Cisgender,No,No,No,,,,No,No
UC3_UKK_269,Male,9,No,Yes,No,No,No,No,No,No,No,No,No,No,No,No,No,No,No,No,No,No,No,No,No,No,No,No,No,No,No,No,No,No,No,No,Yes,No,No,Yes,No,Yes,No,Yes,Heterosexual,Cisgender,No,No,No,,,,No,No
UC3_UKK_270,Male,16,No,Yes,Yes,No,No,No,No,No,No,No,No,No,Yes,No,No,No,Yes,No,No,No,Yes,Yes,No,No,No,Yes,No,No,No,No,No,No,No,No,No,Yes,No,No,No,Yes,No,No,Heterosexual,Cisgender,No,No,No,,,,No,No
UC3_UKK_271,Male,8,Yes,Yes,No,No,No,No,No,No,No,No,No,No,Yes,No,No,Yes,No,No,No,No,No,No,No,No,No,No,No,No,No,Yes,Yes,Yes,Yes,No,No,No,Yes,No,No,No,No,No,Heterosexual,Cisgender,No,No,No,,,,No,No
UC3_UKK_272,Female,9,No,No,No,No,Yes,Yes,Yes,No,No,No,Yes,No,No,No,No,No,Yes,No,No,No,No,No,No,No,No,Yes,No,Yes,Yes,Yes,Yes,Yes,Yes,Yes,Yes,Yes,No,Yes,No,No,Yes,Yes,Homosexual,Cisgender,Yes,Yes,No,Adress,5.0,Always with emotional alteration,No,No
UC3_UKK_273,Male,8,Yes,Yes,No,No,No,No,No,No,No,No,No,No,Yes,No,No,No,No,No,No,No,No,No,No,No,No,Yes,No,No,No,No,Yes,No,No,Yes,No,No,No,No,No,No,No,No,Heterosexual,Cisgender,No,No,No,,,,No,No
UC3_UKK_274,Male,14,No,No,No,No,Yes,Yes,Yes,No,No,No,Yes,Yes,No,No,Yes,No,Yes,No,No,No,No,Yes,Yes,Yes,Yes,No,Yes,No,Yes,No,No,Yes,No,Yes,Yes,No,No,No,Yes,Yes,No,No,Homosexual,Cisgender,Yes,No,Yes,Vacations,14.0,With boringness,Yes,No
UC3_UKK_275,Male,17,No,Yes,No,No,No,No,No,No,No,No,No,No,No,No,No,Yes,No,No,No,No,No,No,No,No,No,No,No,No,No,Yes,No,No,Yes,No,Yes,No,No,No,No,No,No,No,Heterosexual,Cisgender,No,No,No,,,,No,No
UC3_UKK_276,Male,10,Yes,Yes,No,No,No,No,No,No,No,No,No,No,Yes,Yes,No,No,No,No,Yes,No,No,No,No,No,No,No,No,No,No,No,No,No,No,Yes,Yes,No,No,No,No,No,Yes,Yes,Heterosexual,Cisgender,No,No,No,,,,No,No
UC3_UKK_277,Male,15,Yes,No,No,No,Yes,Yes,Yes,No,No,No,Yes,No,Yes,No,No,Yes,Yes,No,No,No,No,No,No,No,Yes,Yes,Yes,No,Yes,Yes,No,Yes,Yes,No,Yes,No,No,No,Yes,Yes,No,Yes,Heterosexual,Non-binary,Yes,Yes,No,,,,Yes,No
UC3_UKK_278,Male,15,No,No,No,No,Yes,Yes,Yes,No,No,No,Yes,No,No,No,No,Yes,Yes,Yes,No,No,No,No,No,No,No,No,No,No,Yes,No,No,Yes,Yes,No,Yes,Yes,No,Yes,Yes,Yes,Yes,No,Asexual,Non-binary,No,No,Yes,Change of professions both in the academic/work field and in Mental Health,12.0,With excitement,Yes,No
UC3_UKK_279,Female,16,No,No,No,No,Yes,Yes,Yes,No,No,No,Yes,Yes,No,No,No,Yes,No,No,No,No,No,No,Yes,Yes,No,Yes,Yes,Yes,Yes,Yes,Yes,Yes,Yes,No,Yes,Yes,No,No,Yes,No,No,Yes,Homosexual,Cisgender,No,No,No,Change of professions both in the academic/work field and in Mental Health,14.0,With sadness,Yes,Yes
UC3_UKK_280,Male,18,No,No,No,No,Yes,Yes,Yes,No,No,No,Yes,No,No,Yes,No,No,Yes,Yes,No,No,No,Yes,No,No,Yes,Yes,Yes,No,Yes,Yes,Yes,Yes,Yes,Yes,Yes,No,No,Yes,Yes,Yes,Yes,Yes,Others,Cisgender,Yes,No,Yes,Vacations,15.0,With sadness,Yes,Yes
UC3_UKK_281,Female,9,No,No,No,No,Yes,Yes,Yes,No,No,No,Yes,No,No,No,No,No,Yes,Yes,No,No,No,Yes,No,No,Yes,Yes,Yes,Yes,No,No,No,Yes,No,No,Yes,No,No,No,Yes,No,No,No,Heterosexual,Others,No,No,No,Change of professions both in the academic/work field and in Mental Health,6.0,With fear,Yes,No
UC3_UKK_282,Male,9,No,No,No,Yes,Yes,Yes,Yes,No,No,No,Yes,No,No,No,Yes,No,No,No,No,No,No,No,No,No,No,No,No,Yes,No,Yes,Yes,Yes,Yes,Yes,Yes,No,No,Yes,No,No,Yes,Yes,Heterosexual,Cisgender,No,No,Yes,"School (exams, timetable change)",5.0,With boringness,Yes,Yes
UC3_UKK_283,Female,8,No,Yes,Yes,No,No,No,No,No,No,No,No,No,No,No,No,Yes,No,No,No,No,No,No,No,No,No,No,No,No,Yes,No,No,No,No,Yes,No,Yes,No,No,No,No,No,No,Heterosexual,Cisgender,No,No,No,,,,No,No
UC3_UKK_284,Male,13,No,No,No,No,Yes,Yes,Yes,No,No,No,Yes,No,No,No,Yes,No,Yes,No,No,Yes,No,Yes,No,No,No,Yes,No,Yes,Yes,No,Yes,Yes,No,Yes,Yes,No,No,Yes,No,Yes,Yes,No,Heterosexual,Cisgender,No,No,No,Adress,9.0,With boringness,Yes,Yes
UC3_UKK_285,Male,12,No,No,No,No,Yes,Yes,Yes,No,No,No,Yes,Yes,No,No,No,No,Yes,No,No,No,No,Yes,No,No,Yes,No,No,No,Yes,Yes,Yes,Yes,No,Yes,Yes,No,Yes,No,Yes,No,Yes,No,Heterosexual,Cisgender,No,No,No,,,,Yes,Yes
UC3_UKK_286,Male,14,No,Yes,Yes,No,No,No,No,No,No,No,No,No,Yes,No,No,No,No,No,No,No,No,No,No,No,No,No,No,No,No,Yes,No,No,No,No,Yes,No,Yes,Yes,Yes,Yes,No,Yes,Heterosexual,Cisgender,Yes,Yes,No,Vacations,10.0,With excitement,No,No
UC3_UKK_287,Female,11,No,No,No,No,Yes,Yes,Yes,No,No,No,Yes,Yes,No,No,No,Yes,No,Yes,Yes,No,No,No,Yes,Yes,Yes,No,No,No,No,Yes,Yes,Yes,No,No,Yes,No,Yes,No,Yes,No,No,Yes,Heterosexual,Non-binary,No,No,Yes,Change of professions both in the academic/work field and in Mental Health,10.0,With anger,Yes,No
UC3_UKK_288,Male,12,No,No,No,Yes,Yes,Yes,Yes,No,No,No,Yes,No,No,No,No,No,Yes,No,No,No,No,No,No,No,Yes,Yes,No,Yes,Yes,Yes,Yes,Yes,Yes,Yes,No,Yes,No,No,Yes,Yes,Yes,No,Heterosexual,Transgender,No,No,Yes,Vacations,8.0,With frustration,Yes,Yes
UC3_UKK_289,Male,13,Yes,Yes,No,No,No,No,No,No,No,No,No,No,Yes,Yes,No,No,No,No,No,No,No,No,No,No,No,No,No,No,Yes,Yes,No,No,No,Yes,No,Yes,No,No,No,No,No,No,Heterosexual,Cisgender,No,No,No,,,,No,No
UC3_UKK_290,Female,12,No,No,No,Yes,Yes,Yes,Yes,No,No,No,Yes,No,No,No,No,No,Yes,Yes,No,No,No,Yes,No,No,Yes,No,Yes,Yes,Yes,No,No,Yes,No,Yes,Yes,No,No,Yes,Yes,No,No,Yes,Bisexual,Cisgender,No,No,Yes,"School (exams, timetable change)",10.0,With frustration,Yes,No
UC3_UKK_291,Female,16,No,No,No,No,Yes,Yes,Yes,No,No,No,Yes,No,No,No,No,No,Yes,No,No,No,No,Yes,No,No,No,Yes,No,No,No,No,Yes,Yes,Yes,Yes,Yes,No,No,No,Yes,Yes,Yes,Yes,Bisexual,Others,Yes,Yes,No,Change of professions both in the academic/work field and in Mental Health,13.0,With excitement,Yes,No
UC3_UKK_292,Male,6,No,No,No,No,Yes,Yes,Yes,No,No,No,Yes,No,No,No,No,Yes,Yes,No,No,No,No,Yes,No,No,No,No,Yes,Yes,Yes,Yes,No,Yes,Yes,Yes,No,Yes,No,No,No,Yes,Yes,No,Heterosexual,Cisgender,Yes,Yes,No,Adress,5.0,With fear,No,No
UC3_UKK_293,Male,9,Yes,Yes,Yes,No,No,No,No,No,No,No,No,No,No,No,No,No,No,No,No,No,No,Yes,Yes,Yes,No,No,No,No,No,No,No,Yes,No,Yes,Yes,No,No,No,No,No,No,Yes,Heterosexual,Cisgender,No,No,No,,,,No,No
UC3_UKK_294,Male,12,No,Yes,No,No,No,No,No,No,No,No,No,No,No,No,No,No,No,Yes,No,No,No,No,No,No,No,No,No,No,No,Yes,No,No,No,No,Yes,Yes,No,No,No,Yes,No,Yes,Heterosexual,Cisgender,No,No,No,,,,No,No
UC3_UKK_295,Male,16,Yes,Yes,Yes,No,No,No,No,No,No,No,No,No,Yes,Yes,No,Yes,No,No,No,No,No,No,No,No,Yes,No,Yes,No,No,Yes,No,No,No,No,No,No,Yes,No,No,No,No,No,Heterosexual,Cisgender,No,No,No,,,,No,No
UC3_UKK_296,Male,12,No,No,No,No,Yes,Yes,Yes,No,No,No,Yes,No,No,No,Yes,Yes,No,Yes,Yes,Yes,No,No,No,No,Yes,Yes,Yes,Yes,No,No,No,Yes,Yes,Yes,Yes,No,No,No,No,No,No,Yes,Heterosexual,Others,Yes,Yes,No,Adress,7.0,Always with emotional alteration,Yes,No
UC3_UKK_297,Male,9,No,No,No,No,Yes,Yes,Yes,No,No,No,Yes,Yes,No,No,Yes,Yes,Yes,Yes,Yes,No,No,No,Yes,No,Yes,No,No,Yes,Yes,Yes,Yes,Yes,No,No,No,No,Yes,No,No,No,No,No,Homosexual,Cisgender,No,No,No,"School (exams, timetable change)",5.0,With excitement,Yes,No
UC3_UKK_298,Male,9,No,No,No,Yes,Yes,Yes,Yes,No,No,No,Yes,No,No,Yes,Yes,Yes,Yes,No,No,No,Yes,No,No,No,No,Yes,No,No,Yes,No,Yes,Yes,Yes,Yes,Yes,Yes,No,No,Yes,Yes,No,Yes,Heterosexual,Transgender,No,No,No,"School (exams, timetable change)",5.0,Always with emotional alteration,No,No
UC3_UKK_299,Male,12,No,No,No,No,Yes,Yes,Yes,No,No,No,Yes,No,No,No,Yes,Yes,Yes,No,Yes,No,No,Yes,No,No,Yes,No,No,No,Yes,No,No,No,Yes,Yes,Yes,No,No,No,Yes,Yes,No,Yes,Heterosexual,Cisgender,No,No,Yes,Vacations,12.0,With excitement,No,No
