ASATotal,Ala,Allele 1,Allele 2,Arg,Cit,Glu,Gly,Leu\Ile\Pro-OH,MET,Orn,PHE,Pro,TYR,Val,BTD,C0,C2,C3,C3DC\C4OH,C4,C4DC\C5OH,C5,C5:1,C5DC\C6OH,C6,C6DC,C8,C8:1,C10,C10:1,C10:2,C12,C12:1,C14,C14:1,C14:2,C14-OH,C16,C16:1,C16:OH,C16:1-OH,C18,C18:1,C18:2,C18-OH,C18:1-OH,C18:2-OH,C20,C22,C24,C26,SA,ADO,D-ADO,C20:0-LPC,C22:0-LPC,C24:0-LPC,C26:0-LPC,s-TSH,IRT-GSP,TGAL,MMA,EMA,GEA,2OH GA,3OH GA,HCYs,3OH PA,MCA,OROTICO,PIVA,2MBC,c4-b,c4-i,DateOfBirth,Sex,City,Sampling,GestationalAge,Ethnicity,SampleBarcode,SampleQuality,SamTimeCollected,SamTimeReceived,Weight,AntibioticsBaby,AntibioticsMother,Meconium,CortisoneBaby,CortisoneMother,TyroidMother,TooYoung,Premature,TooYoung,BabyFed,HUFed,MIXFed,ARTFed,TPNFed,ENTFed,TPNCARNFed,TPNMCTFed,Hospital,AnswerIX,BirthMethod,BIS,Twins,id
0.0,50.14,c.6955_6993CAG[26],c.4145_4160inv,113.91,33.23,13.98,321.85,160.12,40.7,38.13,75.46,160.75,111.64,220.43,99.05,42.0,24.52,1.36,0.21,0.1,0.28,0.38,0.06,0.05,0.46,0.04,0.24,0.4,0.17,0.13,0.03,0.27,0.1,0.08,0.24,0.03,0.07,0.53,0.02,0.05,0.07,0.27,0.13,0.12,0.05,0.09,0.0,0.01,0.03,0.04,0.01,0.25,0.57,0.0,0.63,0.59,0.27,0.01,2.49,10.58,8.86,0.39,0.75,1.79,0.06,0.1,6.25,0.03,0.04,0.24,0.38,0.07,0.32,0.08,16/09/2024,F,Ronsecco,,31,Middle eastern,00000001,ok,2024-09-21,2024-09-24,2.9 kg,1,NA,1,1,0,NA,0,1,0,0,NA,1,0,0,1,1,0, Comunita  Lago  Centro Medico,2,naturale,0,si,BUZZI_00000001
0.0,26.2,c.849_850ins858_895,c.235_237delinsTAT,66.49,44.01,70.72,393.27,151.23,15.45,80.89,38.33,294.82,109.45,256.7,98.12,28.63,13.09,1.64,0.17,0.38,0.28,0.26,0.14,0.06,0.27,0.07,0.29,0.04,0.34,0.25,0.08,0.26,0.0,0.19,0.18,0.08,0.08,0.59,0.09,0.0,0.07,0.34,0.4,0.07,0.01,0.07,0.03,0.01,0.03,0.03,0.01,0.09,0.25,0.0,0.6,0.18,0.19,0.0,10.98,27.01,7.06,0.02,0.01,2.6,0.88,0.25,6.76,0.05,0.32,1.18,0.24,0.13,0.21,0.12,16/09/2024,M,Urbe,,26,African,00000002,inadeguata,2024-09-18,2024-09-25,2.6 kg,0,1,1,NA,1,0,0,1,0,NA,0,NA,1,0,NA,NA,0,Generale  Lago  Istituto di Salute,2,altro,0,no,BUZZI_00000002
0.0,45.53,c.145_147delinsTGG,c.20_23dup,105.12,19.83,83.0,444.47,67.79,28.52,144.88,70.67,128.1,102.58,247.76,98.93,43.3,13.45,2.73,0.31,0.38,0.2,0.26,0.07,0.1,0.19,0.07,0.57,0.35,0.28,0.23,0.09,0.32,0.19,0.18,0.24,0.12,0.07,0.41,0.03,0.06,0.01,0.12,0.12,0.15,0.07,0.05,0.01,0.08,0.03,0.04,0.01,0.91,0.7,0.0,0.62,0.32,0.2,0.01,9.9,3.11,9.04,0.13,0.68,2.84,0.63,0.32,12.42,0.09,0.05,0.93,0.13,0.19,0.14,0.49,16/09/2024,F,Capalle,,25,European,00000003,inadeguata,2024-09-17,2024-09-23,3.6 kg,NA,1,1,1,1,0,0,1,0,NA,0,0,1,0,NA,NA,0,Generale  Fiume  Clinica,3,cesareo,0,si,BUZZI_00000003
0.0,71.23,c.3922dup,c.4661delinsTC,101.58,18.42,30.45,269.08,147.25,14.16,71.52,59.59,184.49,99.21,242.9,97.66,43.57,17.51,1.73,0.4,0.37,0.07,0.36,0.06,0.04,0.2,0.1,0.21,0.27,0.14,0.06,0.07,0.23,0.14,0.06,0.16,0.12,0.01,0.29,0.06,0.09,0.1,0.32,0.05,0.1,0.09,0.07,0.09,0.01,0.02,0.03,0.02,0.97,0.38,0.0,0.31,0.15,0.49,0.01,12.15,28.28,3.17,0.22,0.22,0.94,0.82,0.44,12.16,0.01,0.32,0.94,0.13,0.33,0.4,0.32,16/09/2024,F,Rodi Garganico,,27,European,00000004,insufficiente,2024-09-21,2024-09-23,2.7 kg,1,1,NA,0,0,0,0,1,0,1,1,NA,NA,0,1,NA,1, Ospedale Monte  Istituto di Salute,1,altro,1,no,BUZZI_00000004
0.0,57.14,c.5657_5660inv,c.849_850ins858_895,74.45,42.25,7.0,413.83,117.59,18.95,86.14,42.44,218.9,109.38,243.52,94.89,28.21,20.98,1.7,0.36,0.42,0.26,0.37,0.19,0.07,0.26,0.04,0.48,0.24,0.09,0.26,0.08,0.39,0.11,0.15,0.37,0.01,0.05,0.46,0.06,0.0,0.06,0.13,0.26,0.03,0.05,0.06,0.01,0.04,0.06,0.08,0.02,0.77,0.37,0.0,0.63,0.36,0.22,0.0,14.69,16.31,6.84,0.13,0.58,1.37,0.47,0.4,10.28,0.02,0.48,0.43,0.07,0.33,0.32,0.1,16/09/2024,M,Grazzanise,,37,European,00000005,ok,2024-09-21,2024-09-19,3.2 kg,NA,NA,NA,0,NA,1,0,0,0,1,NA,NA,0,1,0,0,0, Santo  Bosco  Centro Medico,5,cesareo,1,si,BUZZI_00000005
0.0,69.58,c.3922dup,c.(4071+1_4072-1)_(5154+1_5155-1)del,27.37,27.05,84.57,402.56,60.34,36.55,146.45,38.46,251.91,91.24,212.79,94.75,47.24,12.73,1.88,0.28,0.27,0.39,0.27,0.06,0.01,0.39,0.02,0.46,0.25,0.1,0.21,0.02,0.14,0.17,0.2,0.37,0.18,0.04,0.24,0.11,0.06,0.01,0.33,0.1,0.01,0.08,0.03,0.09,0.03,0.02,0.01,0.0,0.67,0.55,0.0,0.42,0.4,0.33,0.0,5.38,14.4,5.49,0.26,0.51,2.09,0.13,0.33,5.23,0.06,0.05,0.42,0.36,0.35,0.35,0.21,16/09/2024,M,Venagrande,,42,East asian,00000006,ok,2024-09-23,2024-09-23,3.8 kg,0,1,0,1,1,1,0,0,0,NA,NA,NA,0,0,1,NA,1, Comunita Monte Ospedale,2,cesareo,0,no,BUZZI_00000006
0.0,41.1,c.3921dup,c.5697dup,71.21,28.96,49.48,417.46,158.68,13.55,115.26,77.82,254.1,105.35,287.77,90.09,34.24,16.54,0.26,0.13,0.13,0.23,0.36,0.05,0.05,0.09,0.09,0.36,0.06,0.1,0.15,0.02,0.09,0.01,0.45,0.44,0.0,0.03,0.53,0.14,0.05,0.06,0.46,0.38,0.06,0.04,0.04,0.09,0.06,0.09,0.08,0.0,0.03,0.63,0.0,0.68,0.2,0.21,0.01,9.37,22.43,6.28,0.03,0.72,2.78,0.58,0.41,9.29,0.1,0.38,0.11,0.2,0.39,0.37,0.29,16/09/2024,M,Marina Di Strongoli,,31,Middle eastern,00000007,ok,2024-09-19,2024-09-27,3.0 kg,NA,NA,NA,1,NA,NA,0,1,0,NA,0,0,1,NA,NA,0,NA,Generale  Citta Ospedale,1,naturale,0,si,BUZZI_00000007
0.0,79.59,c.3921dup,c.93+1G>T,48.15,20.57,76.5,256.24,110.56,22.68,128.31,45.1,140.62,103.97,221.98,99.1,28.07,13.61,1.11,0.23,0.27,0.2,0.24,0.08,0.03,0.36,0.01,0.25,0.32,0.2,0.23,0.02,0.24,0.03,0.25,0.23,0.08,0.08,0.13,0.06,0.03,0.05,0.13,0.05,0.07,0.1,0.07,0.01,0.07,0.07,0.03,0.02,0.9,0.36,0.0,0.3,0.23,0.24,0.0,1.14,48.95,2.78,0.16,0.62,0.62,0.61,0.26,12.73,0.02,0.03,0.87,0.46,0.49,0.47,0.33,16/09/2024,M,Roata Rossi,,37,European,00000008,insufficiente,2024-09-22,2024-09-25,3.1 kg,0,1,1,1,1,1,0,0,0,1,1,0,1,NA,1,0,NA, Universita Monte Ospedale,2,altro,1,si,BUZZI_00000008
0.0,55.46,c.5697del,c.5657_5660inv,21.11,36.66,21.49,440.37,145.94,47.14,125.21,68.57,159.87,112.35,255.39,97.49,45.92,15.9,1.82,0.27,0.3,0.22,0.24,0.02,0.09,0.06,0.02,0.29,0.25,0.17,0.16,0.08,0.12,0.14,0.31,0.22,0.16,0.08,0.3,0.17,0.01,0.09,0.26,0.09,0.13,0.1,0.05,0.07,0.01,0.07,0.03,0.02,0.25,0.65,0.0,0.69,0.44,0.38,0.01,14.35,40.69,6.9,0.37,0.74,1.54,0.93,0.49,10.97,0.07,0.09,0.11,0.19,0.32,0.1,0.31,16/09/2024,M,Perosa Canavese,,32,European,00000009,ok,2024-09-19,2024-09-26,3.9 kg,0,0,1,1,NA,NA,0,1,0,0,0,0,1,NA,1,1,NA, Comunita  Bosco  Istituto di Salute,2,naturale,1,no,BUZZI_00000009
0.0,44.92,c.(4071+1_4072-1)_(5154+1_5155-1)del,c.1813del,57.97,19.11,59.79,406.03,66.41,15.96,51.21,58.85,263.31,56.44,157.44,91.87,47.77,22.63,1.09,0.14,0.12,0.19,0.22,0.17,0.01,0.38,0.08,0.14,0.21,0.45,0.26,0.05,0.35,0.2,0.08,0.49,0.15,0.07,0.15,0.17,0.09,0.06,0.47,0.29,0.18,0.06,0.01,0.08,0.09,0.05,0.05,0.01,0.01,0.56,0.0,0.66,0.24,0.36,0.0,5.98,25.67,2.97,0.04,0.68,2.49,0.92,0.04,13.15,0.01,0.46,0.8,0.37,0.34,0.29,0.19,16/09/2024,F,Bastida Pancarana,,25,European,00000010,ok,2024-09-22,2024-09-27,3.3 kg,1,NA,NA,NA,1,1,0,1,0,0,0,NA,NA,1,NA,0,0, Regionale  Fiume Ospedale,1,naturale,1,no,BUZZI_00000010
0.0,65.21,c.240_241insAGG,c.1704+1dup,101.37,28.23,6.91,233.0,133.87,33.5,83.0,78.76,142.44,87.65,288.7,93.76,33.22,22.91,0.7,0.28,0.3,0.26,0.36,0.11,0.1,0.32,0.02,0.41,0.09,0.4,0.16,0.02,0.37,0.11,0.45,0.06,0.02,0.07,0.48,0.16,0.07,0.07,0.16,0.15,0.14,0.08,0.02,0.07,0.01,0.02,0.0,0.01,0.17,0.59,0.0,0.57,0.37,0.36,0.02,12.38,40.72,0.79,0.1,0.52,0.2,0.57,0.03,7.43,0.03,0.22,0.14,0.41,0.34,0.17,0.38,16/09/2024,M,Paolantonio,,32,East asian,00000011,inadeguata,2024-09-21,2024-09-25,2.6 kg,1,NA,NA,NA,0,NA,0,1,0,NA,0,1,NA,1,0,NA,NA,Generale  Bosco Ospedale,5,altro,1,no,BUZZI_00000011
0.0,20.1,c.4661delinsTC,c.1704+1del,102.27,46.67,95.39,392.86,27.96,41.36,52.67,73.34,154.46,110.97,204.15,97.65,25.48,8.36,1.42,0.4,0.38,0.02,0.3,0.2,0.02,0.27,0.06,0.51,0.16,0.37,0.17,0.01,0.02,0.01,0.14,0.06,0.17,0.1,0.55,0.07,0.02,0.01,0.26,0.36,0.05,0.06,0.0,0.08,0.03,0.07,0.01,0.0,0.47,0.62,0.0,0.55,0.28,0.26,0.01,13.9,34.37,0.02,0.22,0.32,2.73,0.56,0.44,6.69,0.1,0.28,0.83,0.2,0.23,0.41,0.33,16/09/2024,F,Cuvio,,31,Middle eastern,00000012,inadeguata,2024-09-19,2024-09-23,3.6 kg,NA,1,NA,1,0,NA,0,1,0,1,1,0,1,NA,1,NA,1, Universita  Lago  Clinica,2,cesareo,0,si,BUZZI_00000012
0.0,40.55,c.171_239GCA[34],c.4072-1234_5155-246del,130.01,37.45,63.51,322.71,142.41,34.04,108.35,70.8,287.32,100.95,202.11,96.31,40.74,18.25,1.09,0.22,0.45,0.29,0.37,0.14,0.0,0.08,0.0,0.28,0.19,0.2,0.13,0.08,0.17,0.07,0.49,0.27,0.01,0.04,0.57,0.02,0.08,0.06,0.39,0.47,0.13,0.05,0.06,0.03,0.06,0.08,0.03,0.01,1.01,0.65,0.0,0.45,0.23,0.34,0.02,9.93,56.54,2.15,0.27,0.66,1.27,0.71,0.37,13.68,0.01,0.05,1.04,0.27,0.09,0.47,0.25,16/09/2024,M,Poggetello,,31,African,00000013,insufficiente,2024-09-21,2024-09-20,2.6 kg,0,1,0,0,1,1,0,1,0,NA,0,1,0,1,NA,NA,0, Regionale  Fiume  Centro Medico,3,cesareo,0,no,BUZZI_00000013
0.0,21.11,c.20_23dup,c.4072-1234_5155-246del,69.8,33.17,52.92,422.72,136.85,17.52,51.44,40.37,289.85,73.67,276.58,98.49,34.27,18.89,2.23,0.37,0.46,0.28,0.21,0.05,0.01,0.4,0.02,0.15,0.33,0.08,0.18,0.02,0.32,0.14,0.5,0.27,0.09,0.01,0.19,0.16,0.02,0.06,0.28,0.13,0.16,0.03,0.08,0.03,0.09,0.1,0.04,0.02,0.81,0.34,0.0,0.32,0.15,0.41,0.01,1.29,7.28,0.19,0.38,0.42,2.83,0.28,0.27,13.56,0.06,0.13,0.47,0.46,0.09,0.38,0.49,16/09/2024,F,Soccorso,,31,European,00000014,ok,2024-09-23,2024-09-24,3.7 kg,NA,1,NA,NA,NA,0,0,1,0,1,1,NA,NA,1,0,0,NA, Santo  Lago Ospedale,2,naturale,0,si,BUZZI_00000014
0.0,79.13,c.(222_226)insG,c.1813del,35.58,44.06,52.18,386.62,69.75,33.11,60.64,46.03,207.76,109.82,208.59,96.67,31.95,20.25,1.55,0.33,0.46,0.03,0.34,0.15,0.02,0.13,0.02,0.31,0.25,0.15,0.29,0.01,0.11,0.12,0.08,0.25,0.18,0.1,0.48,0.01,0.01,0.07,0.49,0.24,0.16,0.01,0.05,0.08,0.09,0.01,0.06,0.01,0.43,0.55,0.0,0.7,0.41,0.4,0.01,3.45,42.73,2.31,0.07,0.2,0.37,0.52,0.11,6.09,0.04,0.31,0.11,0.47,0.39,0.42,0.5,16/09/2024,F,Cavoretto,,34,Jewish,00000015,ok,2024-09-20,2024-09-23,2.6 kg,0,NA,1,NA,NA,1,0,1,0,1,1,0,1,1,NA,NA,NA, Universita Monte  Istituto di Salute,4,altro,NA,no,BUZZI_00000015
0.0,51.18,c.79_80delinsTT,c.419_420ins[T;401_419],54.27,13.06,19.34,297.31,153.61,48.56,111.82,50.81,242.6,55.11,260.73,98.91,25.82,23.31,2.04,0.29,0.16,0.04,0.3,0.16,0.04,0.14,0.07,0.58,0.32,0.29,0.03,0.09,0.39,0.15,0.32,0.32,0.18,0.01,0.58,0.02,0.06,0.06,0.5,0.06,0.12,0.09,0.06,0.02,0.09,0.09,0.1,0.01,0.5,0.49,0.0,0.67,0.26,0.16,0.01,8.41,52.75,5.94,0.17,0.44,1.59,0.72,0.48,8.37,0.02,0.02,0.95,0.4,0.33,0.19,0.09,16/09/2024,F,Cantinella,,38,Middle eastern,00000016,insufficiente,2024-09-23,2024-09-26,3.1 kg,1,0,1,NA,NA,1,0,0,0,NA,0,1,0,1,0,0,0,Generale Monte Ospedale,2,altro,1,si,BUZZI_00000016
0.0,49.28,c.5697del,c.4145_4160inv,85.53,33.56,95.78,397.91,68.93,49.66,65.71,61.37,187.8,71.84,276.4,97.86,25.07,7.35,0.55,0.15,0.48,0.37,0.34,0.06,0.0,0.07,0.03,0.33,0.05,0.34,0.09,0.03,0.11,0.19,0.3,0.26,0.06,0.09,0.47,0.16,0.06,0.04,0.25,0.18,0.11,0.05,0.04,0.03,0.05,0.08,0.08,0.01,0.62,0.4,0.0,0.5,0.35,0.18,0.0,7.9,11.43,8.96,0.26,0.86,2.79,0.57,0.23,14.92,0.06,0.29,0.33,0.45,0.45,0.3,0.19,16/09/2024,F,Poscante,,35,African,00000017,insufficiente,2024-09-18,2024-09-19,3.4 kg,0,1,NA,0,0,NA,0,1,0,1,1,0,0,1,NA,NA,NA, Santo  Lago Ospedale,2,cesareo,1,si,BUZZI_00000017
0.0,25.48,c.5697del,c.1704+1dup,127.06,39.49,45.73,263.59,73.24,44.71,56.07,71.38,261.31,107.32,223.51,99.92,35.33,14.37,1.65,0.16,0.37,0.2,0.28,0.05,0.01,0.41,0.05,0.26,0.17,0.16,0.03,0.05,0.27,0.01,0.37,0.41,0.06,0.04,0.3,0.1,0.03,0.04,0.18,0.1,0.03,0.08,0.08,0.1,0.06,0.04,0.06,0.02,0.16,0.22,0.0,0.6,0.39,0.14,0.02,13.33,4.56,3.1,0.3,0.87,0.07,0.85,0.26,14.84,0.02,0.47,0.27,0.4,0.3,0.23,0.31,16/09/2024,M,San Martino In Strada,,28,Latin American,00000018,inadeguata,2024-09-17,2024-09-19,2.8 kg,NA,1,1,1,NA,0,0,1,0,1,NA,0,NA,0,NA,NA,NA, Comunita  Citta  Centro Medico,4,naturale,0,no,BUZZI_00000018
0.0,45.84,c.20_23dup,c.171_239GCA[34],86.7,31.87,81.72,449.02,129.35,17.67,111.57,58.94,132.59,88.4,175.41,92.75,27.9,19.84,0.59,0.19,0.32,0.0,0.34,0.2,0.07,0.1,0.03,0.19,0.18,0.08,0.08,0.06,0.38,0.12,0.43,0.1,0.08,0.09,0.31,0.08,0.1,0.08,0.45,0.28,0.16,0.03,0.02,0.04,0.09,0.02,0.07,0.01,0.55,0.42,0.0,0.54,0.53,0.44,0.01,7.68,18.09,4.17,0.14,0.1,2.27,0.9,0.22,12.02,0.1,0.13,0.76,0.24,0.46,0.12,0.41,16/09/2024,M,Nemoli,,33,Jewish,00000019,ok,2024-09-19,2024-09-22,2.5 kg,1,1,NA,1,NA,NA,1,1,1,NA,0,NA,0,1,NA,0,NA, Ospedale  Lago Ospedale,3,cesareo,1,si,BUZZI_00000019
0.0,31.53,c.169_170insA,c.240_241insAGG,69.4,32.94,46.07,191.08,123.29,42.43,35.12,61.56,274.12,103.8,230.73,93.62,38.66,8.27,1.09,0.32,0.49,0.29,0.3,0.15,0.08,0.24,0.02,0.42,0.23,0.16,0.25,0.1,0.34,0.06,0.26,0.49,0.03,0.06,0.45,0.14,0.01,0.04,0.17,0.47,0.06,0.03,0.04,0.06,0.05,0.09,0.03,0.0,0.4,0.6,0.0,0.47,0.34,0.21,0.02,5.32,50.36,8.77,0.17,0.19,2.32,0.56,0.01,10.78,0.03,0.49,0.68,0.38,0.25,0.45,0.24,16/09/2024,F,Castelmassimo,,33,Jewish,00000020,inadeguata,2024-09-20,2024-09-24,3.0 kg,1,NA,NA,1,0,NA,0,1,0,NA,NA,1,1,1,0,0,NA, Regionale  Citta  Istituto di Salute,4,cesareo,0,si,BUZZI_00000020
0.0,20.14,c.1813del,c.1813dup,129.11,34.12,32.2,399.37,40.93,29.15,96.28,64.68,166.6,113.68,212.14,98.7,39.57,6.06,0.86,0.28,0.18,0.26,0.27,0.17,0.05,0.37,0.03,0.5,0.19,0.07,0.15,0.07,0.18,0.12,0.46,0.49,0.05,0.07,0.47,0.05,0.07,0.02,0.18,0.15,0.16,0.02,0.07,0.02,0.09,0.02,0.0,0.02,0.98,0.3,0.0,0.31,0.37,0.42,0.02,10.5,54.74,1.49,0.0,0.38,1.02,0.33,0.24,14.49,0.06,0.18,0.16,0.07,0.18,0.21,0.32,16/09/2024,M,Prea Di Roccaforte,,30,European,00000021,ok,2024-09-19,2024-09-19,3.1 kg,1,NA,NA,NA,1,0,1,1,1,1,0,0,0,NA,1,1,0, Ospedale  Lago  Istituto di Salute,1,cesareo,0,si,BUZZI_00000021
0.0,67.2,c.419_420ins[T;401_419],c.1813dup,130.88,42.11,43.27,410.4,25.72,25.06,30.39,52.01,302.56,94.34,232.21,99.1,47.9,12.8,2.64,0.19,0.2,0.15,0.37,0.17,0.01,0.43,0.02,0.45,0.17,0.39,0.07,0.04,0.02,0.13,0.06,0.03,0.17,0.01,0.14,0.12,0.01,0.06,0.19,0.38,0.17,0.04,0.01,0.03,0.06,0.03,0.07,0.01,0.45,0.24,0.0,0.55,0.45,0.11,0.02,10.08,22.6,2.2,0.15,0.35,1.52,0.45,0.49,11.39,0.08,0.08,1.2,0.32,0.2,0.4,0.44,16/09/2024,F,Santa Brigida,,27,Middle eastern,00000022,insufficiente,2024-09-23,2024-09-28,2.8 kg,NA,NA,NA,1,1,NA,0,1,0,1,NA,NA,NA,1,NA,NA,0, Comunita  Lago  Clinica,1,altro,1,no,BUZZI_00000022
0.0,38.27,c.850_901delinsTTCCTCGATGCCTG,c.260_264+48dup,138.25,23.86,44.5,278.36,34.34,23.65,62.99,74.59,162.71,68.34,176.57,94.13,42.76,12.62,2.3,0.23,0.17,0.36,0.26,0.03,0.1,0.3,0.06,0.52,0.15,0.06,0.0,0.03,0.05,0.15,0.43,0.24,0.11,0.0,0.51,0.02,0.06,0.09,0.44,0.05,0.06,0.09,0.08,0.09,0.0,0.01,0.06,0.01,0.31,0.23,0.0,0.24,0.57,0.11,0.01,1.09,37.63,2.3,0.24,0.58,1.61,0.34,0.18,5.63,0.05,0.36,0.87,0.28,0.38,0.13,0.36,16/09/2024,M,Cupone,,33,Jewish,00000023,ok,2024-09-17,2024-09-21,3.7 kg,NA,0,1,0,1,NA,0,1,0,1,1,NA,1,0,1,1,1, Regionale  Bosco Ospedale,1,cesareo,0,si,BUZZI_00000023
0.0,68.5,c.3921del,c.20_23dup,118.24,13.65,21.67,373.15,169.97,43.92,139.61,60.71,237.18,71.89,296.36,98.93,40.05,7.39,1.82,0.34,0.2,0.18,0.25,0.05,0.07,0.16,0.06,0.16,0.08,0.42,0.25,0.09,0.38,0.01,0.16,0.31,0.17,0.04,0.55,0.14,0.07,0.02,0.42,0.38,0.03,0.07,0.02,0.06,0.03,0.04,0.06,0.01,0.37,0.21,0.0,0.57,0.29,0.36,0.0,10.92,31.53,7.01,0.22,0.91,0.53,0.78,0.11,6.79,0.05,0.02,0.22,0.28,0.4,0.39,0.39,16/09/2024,F,Rionero Sannitico,,37,European,00000024,insufficiente,2024-09-18,2024-09-25,3.4 kg,1,0,0,0,1,1,0,0,0,1,0,NA,0,0,0,NA,NA, Santo  Fiume  Istituto di Salute,5,altro,0,si,BUZZI_00000024
0.0,42.44,c.3921dup,c.4145_4160inv,56.57,47.13,39.76,352.03,106.69,13.52,42.87,63.57,256.8,58.33,255.32,97.27,47.31,6.01,2.33,0.28,0.36,0.32,0.37,0.19,0.01,0.26,0.06,0.26,0.06,0.11,0.21,0.09,0.31,0.09,0.46,0.01,0.2,0.01,0.23,0.12,0.04,0.05,0.41,0.27,0.1,0.01,0.1,0.01,0.04,0.07,0.07,0.0,0.92,0.42,0.0,0.69,0.16,0.24,0.01,2.81,13.14,7.14,0.29,0.66,1.92,0.69,0.19,14.99,0.07,0.12,0.52,0.23,0.42,0.2,0.38,16/09/2024,M,Bortigali,,27,Middle eastern,00000025,ok,2024-09-18,2024-09-23,2.9 kg,0,NA,1,NA,0,0,1,1,1,1,1,0,1,0,0,NA,0,Generale  Fiume Ospedale,2,cesareo,NA,no,BUZZI_00000025
0.0,79.64,c.169_170insA,c.1813del,112.08,18.68,10.69,176.25,133.98,37.57,105.76,42.03,182.85,48.78,215.61,94.35,32.22,11.2,2.94,0.13,0.1,0.18,0.23,0.04,0.04,0.27,0.02,0.51,0.32,0.18,0.02,0.04,0.22,0.06,0.14,0.2,0.09,0.06,0.38,0.11,0.07,0.01,0.34,0.25,0.08,0.06,0.02,0.1,0.01,0.04,0.08,0.02,0.94,0.46,0.0,0.68,0.34,0.18,0.02,2.41,5.1,3.99,0.01,0.6,1.12,0.1,0.21,12.11,0.09,0.04,0.59,0.43,0.39,0.16,0.21,16/09/2024,M,Rivalta Bormida,,36,European,00000026,ok,2024-09-18,2024-09-22,2.7 kg,1,NA,NA,0,1,NA,1,1,1,1,0,0,NA,1,0,0,0, Santo Monte Ospedale,1,cesareo,1,no,BUZZI_00000026
0.0,21.89,c.3921dup,c.171_239GCA[34],40.07,23.18,32.0,245.19,68.4,40.71,65.71,58.62,230.97,52.48,289.56,93.52,49.52,12.28,0.7,0.31,0.44,0.28,0.3,0.17,0.06,0.17,0.01,0.26,0.05,0.22,0.23,0.03,0.21,0.19,0.06,0.03,0.13,0.03,0.43,0.07,0.04,0.07,0.26,0.47,0.05,0.09,0.09,0.08,0.0,0.05,0.02,0.01,0.36,0.57,0.0,0.49,0.58,0.13,0.01,11.41,0.11,4.3,0.24,0.04,1.78,0.5,0.36,13.76,0.04,0.18,0.93,0.43,0.15,0.37,0.32,16/09/2024,M,Baragiano Scalo,,41,Latin American,00000027,ok,2024-09-17,2024-09-26,3.5 kg,1,NA,NA,0,NA,NA,1,0,1,0,0,NA,1,1,1,NA,1, Regionale  Bosco Ospedale,4,altro,NA,si,BUZZI_00000027
0.0,41.71,c.3921dup,c.849_850ins858_895,120.72,22.74,30.43,296.18,79.0,27.03,126.53,72.18,143.29,71.19,155.19,97.58,36.4,14.59,2.16,0.27,0.36,0.32,0.22,0.11,0.08,0.44,0.04,0.39,0.27,0.24,0.28,0.01,0.01,0.04,0.17,0.49,0.15,0.04,0.59,0.07,0.04,0.07,0.28,0.48,0.03,0.09,0.03,0.04,0.06,0.01,0.03,0.01,0.32,0.63,0.0,0.58,0.44,0.25,0.02,13.38,23.23,8.19,0.39,0.67,2.85,0.31,0.42,11.07,0.02,0.48,0.22,0.08,0.35,0.18,0.41,16/09/2024,M,Ostra,,25,Middle eastern,00000028,ok,2024-09-18,2024-09-28,3.2 kg,1,0,0,1,NA,0,0,1,0,1,1,NA,NA,0,0,NA,0,Generale  Fiume  Centro Medico,5,cesareo,0,no,BUZZI_00000028
0.0,22.54,c.240_241insAGG,c.(4071+1_4072-1)_(5154+1_5155-1)del,121.03,19.3,5.12,427.7,39.5,13.25,105.19,36.21,251.82,46.16,180.9,90.87,39.6,24.87,2.45,0.27,0.23,0.12,0.28,0.12,0.02,0.43,0.01,0.31,0.39,0.2,0.27,0.08,0.17,0.11,0.11,0.17,0.11,0.01,0.57,0.16,0.1,0.04,0.45,0.07,0.1,0.09,0.08,0.09,0.1,0.02,0.02,0.02,1.01,0.33,0.0,0.48,0.57,0.22,0.02,10.23,7.08,7.22,0.06,0.41,0.74,0.38,0.47,11.67,0.03,0.04,0.32,0.45,0.08,0.21,0.41,16/09/2024,F,Valaperta,,36,European,00000029,ok,2024-09-20,2024-09-21,2.8 kg,NA,1,NA,1,0,1,0,1,0,0,0,1,0,NA,1,1,NA, Santo  Fiume  Clinica,2,naturale,1,no,BUZZI_00000029
0.0,64.18,c.89_118AGC[13],c.171_239GCA[34],130.21,48.65,69.4,351.81,40.21,10.73,82.36,31.12,142.89,42.68,267.68,99.23,43.94,14.1,2.3,0.36,0.49,0.35,0.35,0.1,0.03,0.42,0.08,0.54,0.24,0.28,0.06,0.06,0.37,0.16,0.28,0.09,0.02,0.03,0.48,0.14,0.01,0.03,0.19,0.44,0.16,0.07,0.03,0.0,0.1,0.08,0.1,0.0,1.08,0.65,0.0,0.56,0.49,0.35,0.02,4.68,31.13,7.29,0.35,0.15,0.75,0.27,0.08,8.4,0.07,0.29,0.55,0.06,0.47,0.19,0.3,16/09/2024,F,Borgo La Loggia,,27,European,00000030,ok,2024-09-18,2024-09-27,3.7 kg,1,NA,0,1,0,1,0,1,0,0,NA,NA,0,NA,1,0,0, Universita  Bosco  Istituto di Salute,2,cesareo,1,si,BUZZI_00000030
0.0,49.36,c.4661delinsTC,c.6775_6777delinsC,33.03,10.31,17.81,340.77,72.28,27.17,109.33,68.72,312.13,96.86,212.88,93.62,38.28,24.71,0.45,0.31,0.34,0.09,0.21,0.09,0.04,0.31,0.04,0.11,0.3,0.37,0.12,0.04,0.09,0.08,0.1,0.36,0.03,0.02,0.16,0.03,0.09,0.01,0.31,0.08,0.19,0.04,0.06,0.03,0.03,0.1,0.02,0.01,0.6,0.45,0.0,0.21,0.23,0.43,0.01,13.85,11.98,5.73,0.21,0.28,2.99,0.37,0.19,11.93,0.02,0.16,0.02,0.14,0.36,0.5,0.19,16/09/2024,F,Lastebasse,,41,European,00000031,insufficiente,2024-09-21,2024-09-28,3.6 kg,1,1,1,1,NA,NA,0,0,0,0,NA,NA,1,0,0,0,0, Ospedale Monte Ospedale,1,cesareo,1,no,BUZZI_00000031
0.0,72.67,c.1704+1dup,c.419_420ins[T;401_419],138.47,11.62,66.4,175.77,130.38,18.02,101.75,79.0,129.73,47.38,278.51,98.16,28.43,19.5,0.86,0.11,0.39,0.28,0.33,0.03,0.04,0.18,0.06,0.5,0.04,0.3,0.05,0.06,0.28,0.12,0.4,0.33,0.11,0.01,0.13,0.07,0.02,0.03,0.45,0.48,0.11,0.03,0.06,0.01,0.07,0.06,0.07,0.02,0.48,0.43,0.0,0.67,0.25,0.16,0.0,3.3,32.77,3.65,0.17,0.9,1.66,0.09,0.38,12.4,0.06,0.32,0.02,0.35,0.34,0.39,0.2,16/09/2024,M,Ancarano Di Sopra,,42,Jewish,00000032,ok,2024-09-22,2024-09-27,2.5 kg,1,1,NA,NA,NA,1,0,0,0,NA,0,1,1,0,0,0,0, Regionale  Bosco  Istituto di Salute,4,cesareo,NA,no,BUZZI_00000032
0.0,49.48,c.5697dup,c.4661delinsTC,39.37,10.76,27.01,324.09,66.77,36.15,89.89,32.68,310.67,65.8,158.66,92.95,34.56,23.16,1.86,0.16,0.2,0.28,0.24,0.09,0.06,0.43,0.03,0.22,0.22,0.45,0.29,0.03,0.33,0.1,0.36,0.48,0.04,0.07,0.36,0.1,0.01,0.09,0.42,0.41,0.05,0.0,0.04,0.0,0.01,0.07,0.06,0.01,0.06,0.36,0.0,0.64,0.37,0.37,0.02,2.53,10.95,2.94,0.39,0.89,1.98,0.25,0.23,13.87,0.08,0.49,0.67,0.33,0.47,0.3,0.28,16/09/2024,M,Valleggia,,32,European,00000033,ok,2024-09-19,2024-09-28,3.7 kg,NA,1,1,0,0,0,0,1,0,1,1,0,1,NA,1,1,NA, Ospedale  Fiume  Clinica,4,cesareo,1,si,BUZZI_00000033
0.0,36.96,c.169_170insA,c.79_80delinsTT,115.35,43.0,3.78,255.85,87.76,41.16,33.39,48.83,187.79,64.59,284.35,92.6,39.32,21.99,2.34,0.12,0.27,0.39,0.22,0.07,0.0,0.35,0.07,0.33,0.27,0.31,0.06,0.07,0.11,0.17,0.34,0.27,0.11,0.08,0.45,0.14,0.09,0.09,0.24,0.09,0.04,0.02,0.04,0.0,0.02,0.1,0.02,0.01,0.88,0.68,0.0,0.3,0.46,0.32,0.0,9.97,38.34,2.41,0.31,0.73,0.46,0.84,0.44,12.63,0.06,0.32,0.17,0.2,0.13,0.28,0.29,16/09/2024,F,Pogli,,27,European,00000034,ok,2024-09-21,2024-09-27,3.1 kg,0,0,NA,1,0,1,0,1,0,0,0,0,1,0,NA,0,0, Comunita  Bosco  Clinica,5,cesareo,1,no,BUZZI_00000034
0.0,21.03,c.240_241insAGG,c.89_118AGC[13],127.97,20.73,28.23,246.26,35.25,45.79,107.82,34.6,250.16,118.85,261.65,95.75,42.34,12.85,1.82,0.23,0.18,0.22,0.21,0.01,0.02,0.43,0.06,0.45,0.19,0.05,0.11,0.05,0.11,0.19,0.29,0.25,0.17,0.1,0.59,0.09,0.07,0.09,0.48,0.27,0.03,0.05,0.04,0.07,0.05,0.03,0.01,0.0,0.81,0.39,0.0,0.25,0.5,0.3,0.01,11.64,9.04,3.48,0.06,0.61,0.28,0.55,0.28,12.39,0.07,0.47,0.95,0.2,0.37,0.44,0.19,16/09/2024,M,Cordenons,,42,Latin American,00000035,inadeguata,2024-09-23,2024-09-27,3.1 kg,1,1,1,NA,1,NA,0,0,0,NA,0,NA,1,1,1,0,0,Generale  Fiume Ospedale,3,naturale,1,si,BUZZI_00000035
0.0,52.14,c.20_23dup,c.1704+1del,148.0,10.66,14.82,293.15,62.75,43.1,94.78,38.8,270.26,96.51,248.03,92.4,41.13,20.56,2.43,0.36,0.19,0.11,0.22,0.19,0.02,0.14,0.08,0.25,0.06,0.27,0.28,0.04,0.24,0.11,0.49,0.19,0.1,0.04,0.17,0.02,0.02,0.02,0.4,0.5,0.08,0.09,0.09,0.07,0.03,0.01,0.01,0.02,0.82,0.7,0.0,0.23,0.21,0.11,0.0,4.1,40.37,2.57,0.09,0.51,0.87,0.68,0.23,14.5,0.06,0.05,1.1,0.49,0.46,0.15,0.12,16/09/2024,F,Sant'Angelo Di Senigallia,,26,European,00000036,ok,2024-09-22,2024-09-20,3.4 kg,0,0,1,1,NA,1,0,1,0,1,0,NA,NA,0,NA,NA,0, Regionale Monte  Istituto di Salute,1,naturale,1,no,BUZZI_00000036
0.0,49.84,c.1813del,c.9002_9009delinsTTT,45.71,14.33,62.92,243.05,83.59,12.6,47.41,72.75,177.3,94.99,255.39,93.04,44.81,15.19,2.74,0.18,0.31,0.03,0.35,0.15,0.04,0.4,0.08,0.23,0.35,0.07,0.22,0.05,0.07,0.12,0.27,0.28,0.08,0.01,0.47,0.09,0.08,0.03,0.5,0.45,0.02,0.08,0.03,0.05,0.04,0.02,0.04,0.02,0.67,0.46,0.0,0.31,0.31,0.31,0.02,9.27,27.97,1.43,0.02,0.19,2.09,0.63,0.02,12.2,0.09,0.4,0.72,0.49,0.14,0.44,0.46,16/09/2024,M,Verghereto,,25,Jewish,00000037,ok,2024-09-22,2024-09-24,3.2 kg,1,0,NA,NA,1,1,0,1,0,1,0,NA,NA,NA,1,NA,NA, Universita Monte Ospedale,5,altro,0,no,BUZZI_00000037
0.0,79.44,c.1704+1del,c.4661delinsTC,27.46,42.05,45.4,175.32,38.9,41.78,53.78,55.69,144.57,68.62,176.12,96.7,44.44,21.53,2.15,0.15,0.4,0.07,0.3,0.1,0.01,0.48,0.07,0.4,0.24,0.18,0.14,0.03,0.15,0.08,0.33,0.05,0.18,0.05,0.39,0.04,0.08,0.06,0.32,0.32,0.19,0.01,0.03,0.08,0.08,0.01,0.06,0.01,0.03,0.49,0.0,0.43,0.21,0.45,0.02,8.24,12.26,4.42,0.25,0.69,2.14,0.1,0.23,12.84,0.09,0.29,0.7,0.19,0.14,0.37,0.45,16/09/2024,F,Villaperuccio,,32,East asian,00000038,inadeguata,2024-09-17,2024-09-24,2.5 kg,0,0,1,NA,NA,NA,0,1,0,1,NA,NA,1,0,NA,0,0, Comunita  Bosco  Istituto di Salute,3,cesareo,1,si,BUZZI_00000038
0.0,62.27,c.850_901delinsTTCCTCGATGCCTG,c.850_901delinsTTCCTCGATGCCTG,81.39,16.52,92.93,219.67,39.78,27.79,123.54,48.43,287.66,90.99,204.44,94.79,46.68,23.68,2.55,0.31,0.4,0.34,0.24,0.13,0.06,0.08,0.05,0.17,0.01,0.43,0.17,0.08,0.39,0.05,0.39,0.36,0.19,0.1,0.48,0.2,0.01,0.01,0.43,0.37,0.16,0.02,0.04,0.0,0.06,0.07,0.09,0.0,1.05,0.49,0.0,0.44,0.55,0.42,0.01,9.0,44.09,7.41,0.08,0.36,1.39,0.98,0.15,13.27,0.03,0.45,1.12,0.32,0.08,0.37,0.2,16/09/2024,M,Campanedda,,28,European,00000039,ok,2024-09-19,2024-09-24,3.4 kg,0,0,NA,NA,0,1,0,1,0,1,0,NA,NA,NA,1,NA,0, Ospedale  Lago  Centro Medico,2,naturale,1,si,BUZZI_00000039
0.0,78.17,c.(222_226)insG,c.235_237delinsTAT,133.51,25.66,3.63,197.47,121.17,29.5,71.56,60.24,194.39,63.65,299.6,96.13,26.61,18.25,0.85,0.17,0.31,0.37,0.22,0.15,0.08,0.4,0.01,0.18,0.0,0.1,0.2,0.04,0.09,0.19,0.19,0.46,0.11,0.0,0.31,0.12,0.1,0.04,0.23,0.16,0.07,0.01,0.03,0.02,0.04,0.07,0.07,0.0,0.38,0.23,0.0,0.36,0.45,0.26,0.02,6.83,25.24,3.17,0.1,0.76,0.71,0.74,0.11,6.43,0.04,0.11,0.36,0.39,0.19,0.38,0.14,16/09/2024,M,Pontemaodino,,35,European,00000040,insufficiente,2024-09-18,2024-09-21,3.8 kg,0,NA,1,0,0,1,0,1,0,NA,0,1,0,0,1,1,NA,Generale  Lago  Istituto di Salute,3,naturale,1,si,BUZZI_00000040
0.0,61.56,c.240_241insAGG,c.3921dup,104.49,42.84,54.91,423.08,149.47,14.16,90.07,55.73,231.03,67.1,188.05,90.19,34.63,7.49,0.51,0.37,0.43,0.25,0.36,0.12,0.03,0.23,0.05,0.14,0.36,0.1,0.15,0.09,0.37,0.12,0.22,0.16,0.02,0.01,0.22,0.16,0.08,0.07,0.43,0.29,0.02,0.06,0.04,0.07,0.04,0.0,0.09,0.01,0.14,0.49,0.0,0.66,0.58,0.48,0.02,4.55,48.52,4.51,0.22,0.69,0.11,0.33,0.18,12.06,0.02,0.3,0.81,0.24,0.14,0.46,0.36,16/09/2024,M,Cavolano,,35,European,00000041,inadeguata,2024-09-20,2024-09-22,3.1 kg,NA,0,1,0,1,NA,0,1,0,1,0,0,0,1,NA,0,NA,Generale Monte  Centro Medico,1,cesareo,1,si,BUZZI_00000041
0.0,45.51,c.1813dup,c.4072-1234_5155-246del,112.37,40.72,94.98,165.79,117.3,29.04,65.24,34.59,204.03,68.3,263.39,94.13,42.43,14.24,2.86,0.29,0.12,0.14,0.3,0.16,0.05,0.14,0.02,0.54,0.0,0.26,0.14,0.1,0.33,0.14,0.48,0.32,0.16,0.02,0.15,0.07,0.05,0.05,0.4,0.1,0.06,0.05,0.01,0.05,0.04,0.02,0.06,0.02,0.98,0.5,0.0,0.63,0.23,0.5,0.0,1.37,58.63,2.34,0.23,0.99,0.54,0.61,0.41,12.35,0.03,0.26,1.14,0.35,0.26,0.41,0.09,16/09/2024,F,Roccasecca,,27,European,00000042,inadeguata,2024-09-17,2024-09-22,3.7 kg,NA,1,NA,1,NA,1,0,1,0,0,0,1,0,0,1,1,1, Comunita  Citta Ospedale,4,altro,0,no,BUZZI_00000042
0.0,78.19,c.3921dup,c.6955_6993CAG[26],26.22,24.37,68.07,368.35,122.53,42.64,88.06,36.31,298.71,59.53,252.54,95.11,33.32,21.19,2.89,0.22,0.23,0.16,0.23,0.08,0.02,0.13,0.03,0.53,0.02,0.26,0.02,0.06,0.04,0.07,0.49,0.27,0.13,0.02,0.53,0.18,0.01,0.08,0.45,0.14,0.08,0.02,0.02,0.05,0.03,0.09,0.08,0.0,0.82,0.44,0.0,0.66,0.46,0.42,0.01,14.21,38.79,2.46,0.17,0.2,2.19,0.28,0.25,8.1,0.02,0.44,0.24,0.3,0.42,0.11,0.06,16/09/2024,M,Quinto,,40,Latin American,00000043,ok,2024-09-23,2024-09-25,3.3 kg,0,0,1,NA,1,NA,0,0,0,1,0,NA,0,1,1,NA,1, Comunita Monte  Istituto di Salute,2,altro,0,si,BUZZI_00000043
0.0,44.87,c.235_237delinsTAT,c.235_237delinsTAT,23.11,15.86,67.56,190.66,149.49,20.8,148.67,64.76,223.12,105.73,164.67,92.6,48.36,16.06,0.77,0.36,0.4,0.36,0.38,0.2,0.06,0.37,0.04,0.19,0.19,0.34,0.15,0.07,0.37,0.06,0.18,0.47,0.03,0.04,0.6,0.14,0.03,0.05,0.38,0.27,0.03,0.04,0.03,0.01,0.07,0.01,0.07,0.0,0.53,0.43,0.0,0.3,0.18,0.22,0.02,3.1,9.35,7.93,0.26,0.58,1.52,0.49,0.48,10.66,0.1,0.37,0.14,0.42,0.27,0.14,0.13,16/09/2024,M,Soraga,,38,European,00000044,ok,2024-09-19,2024-09-22,3.2 kg,1,1,1,0,1,1,0,0,0,NA,NA,0,NA,1,0,0,NA, Ospedale  Lago Ospedale,3,cesareo,0,si,BUZZI_00000044
0.0,65.52,c.(222_226)insG,c.1813dup,62.83,28.23,46.58,241.15,157.1,36.36,75.15,44.85,186.66,60.08,232.48,97.38,33.5,16.65,2.53,0.21,0.44,0.37,0.31,0.06,0.1,0.23,0.07,0.54,0.24,0.1,0.29,0.02,0.01,0.19,0.15,0.16,0.18,0.08,0.43,0.02,0.0,0.02,0.32,0.21,0.17,0.05,0.09,0.01,0.03,0.04,0.04,0.0,0.85,0.64,0.0,0.37,0.35,0.23,0.01,12.33,54.15,9.32,0.22,0.73,2.71,0.89,0.05,9.96,0.01,0.01,0.65,0.07,0.25,0.45,0.45,16/09/2024,F,Scorze',,34,Middle eastern,00000045,insufficiente,2024-09-20,2024-09-29,3.8 kg,0,0,0,NA,1,0,0,1,0,NA,NA,0,NA,NA,1,1,1, Universita  Fiume  Istituto di Salute,4,altro,NA,si,BUZZI_00000045
0.0,35.16,c.260_264+48dup,c.93+1G>T,79.84,47.73,72.95,210.37,38.04,11.06,70.8,43.85,313.04,91.93,278.28,91.95,30.13,16.55,1.48,0.24,0.42,0.06,0.38,0.02,0.04,0.25,0.0,0.26,0.07,0.28,0.0,0.01,0.33,0.16,0.1,0.26,0.03,0.04,0.51,0.1,0.09,0.01,0.49,0.46,0.08,0.06,0.1,0.06,0.0,0.1,0.08,0.01,0.38,0.38,0.0,0.58,0.26,0.49,0.02,11.17,0.48,8.63,0.34,0.29,1.94,0.65,0.1,13.42,0.03,0.04,0.92,0.28,0.08,0.47,0.09,16/09/2024,M,Doganella,,34,Latin American,00000046,ok,2024-09-19,2024-09-23,3.7 kg,NA,NA,NA,1,1,1,0,1,0,1,0,0,0,0,0,NA,NA, Regionale  Lago  Istituto di Salute,1,cesareo,1,si,BUZZI_00000046
0.0,41.31,c.79_80delinsTT,c.235_237delinsTAT,50.16,34.02,37.91,407.29,144.4,45.2,129.84,32.21,223.08,67.35,265.81,92.21,40.38,5.67,2.43,0.27,0.44,0.0,0.3,0.01,0.06,0.3,0.04,0.19,0.29,0.25,0.18,0.06,0.26,0.03,0.21,0.47,0.1,0.09,0.15,0.14,0.06,0.06,0.3,0.37,0.09,0.0,0.1,0.02,0.02,0.06,0.03,0.0,0.96,0.46,0.0,0.35,0.17,0.44,0.0,1.29,22.11,4.37,0.18,0.4,1.21,0.65,0.48,5.64,0.02,0.23,0.25,0.24,0.16,0.16,0.28,16/09/2024,M,Caneva Di Tolmezzo,,32,European,00000047,inadeguata,2024-09-19,2024-09-21,3.2 kg,0,0,0,NA,NA,NA,0,1,0,1,0,0,1,NA,NA,NA,NA,Generale  Bosco Ospedale,2,altro,1,si,BUZZI_00000047
0.0,49.84,c.171_239GCA[34],c.3921del,121.57,22.46,27.88,279.24,165.56,10.81,33.12,58.42,131.82,98.61,256.97,95.9,40.06,17.2,1.64,0.38,0.1,0.26,0.38,0.17,0.07,0.23,0.09,0.33,0.19,0.31,0.05,0.05,0.13,0.07,0.33,0.01,0.03,0.04,0.12,0.17,0.03,0.06,0.16,0.24,0.13,0.04,0.09,0.05,0.06,0.04,0.03,0.0,0.9,0.65,0.0,0.33,0.16,0.17,0.02,6.41,4.42,7.58,0.11,0.49,1.63,0.43,0.14,6.67,0.01,0.13,0.5,0.25,0.49,0.33,0.1,16/09/2024,M,Appiano Gentile,,31,Middle eastern,00000048,ok,2024-09-22,2024-09-27,3.4 kg,NA,1,NA,NA,0,1,1,1,1,0,0,NA,1,NA,0,NA,NA, Regionale Monte Ospedale,1,naturale,0,no,BUZZI_00000048
0.0,42.29,c.(222_226)insG,c.1813del,138.4,28.58,82.19,222.64,51.57,29.1,100.25,73.6,200.67,45.97,268.18,95.72,47.87,5.95,0.46,0.29,0.26,0.06,0.32,0.04,0.05,0.2,0.06,0.16,0.39,0.15,0.05,0.1,0.06,0.15,0.39,0.42,0.11,0.09,0.14,0.01,0.04,0.03,0.34,0.41,0.04,0.0,0.01,0.08,0.01,0.02,0.03,0.01,0.33,0.45,0.0,0.56,0.27,0.12,0.01,2.92,14.72,2.18,0.38,0.79,0.54,0.43,0.02,13.0,0.05,0.36,0.98,0.11,0.24,0.32,0.45,16/09/2024,F,Ponticella,,40,African,00000049,insufficiente,2024-09-21,2024-09-25,2.7 kg,NA,1,1,NA,0,1,0,0,0,0,NA,0,NA,1,0,0,NA, Santo  Bosco  Istituto di Salute,4,altro,1,si,BUZZI_00000049
0.0,61.48,c.171_239GCA[34],c.240_241insAGG,114.61,18.27,41.7,240.01,54.47,47.3,103.95,71.85,173.06,119.43,217.51,99.27,44.88,21.76,0.94,0.31,0.34,0.24,0.29,0.04,0.01,0.32,0.06,0.57,0.16,0.32,0.19,0.04,0.35,0.19,0.05,0.06,0.08,0.01,0.2,0.07,0.07,0.09,0.47,0.3,0.02,0.07,0.04,0.05,0.05,0.09,0.05,0.01,0.35,0.3,0.0,0.5,0.46,0.12,0.01,4.2,26.5,0.82,0.32,0.81,1.08,0.6,0.26,13.7,0.07,0.5,0.75,0.31,0.09,0.48,0.29,16/09/2024,M,Asinara Cala D'Oliva,,39,East asian,00000050,inadeguata,2024-09-19,2024-09-26,2.6 kg,1,0,NA,NA,0,0,0,0,0,0,0,1,1,1,0,0,0,Generale  Bosco  Clinica,1,cesareo,NA,no,BUZZI_00000050
0.0,37.64,c.849_850ins858_895,c.3921del,113.38,18.7,29.3,397.03,65.95,32.18,57.22,70.59,156.24,68.36,198.94,95.2,33.93,5.27,1.34,0.1,0.39,0.25,0.3,0.11,0.01,0.38,0.01,0.31,0.17,0.25,0.02,0.05,0.18,0.09,0.11,0.01,0.07,0.0,0.18,0.13,0.07,0.01,0.3,0.08,0.02,0.02,0.05,0.01,0.01,0.01,0.02,0.02,0.79,0.27,0.0,0.36,0.11,0.39,0.0,10.74,14.8,4.8,0.26,0.58,2.66,0.01,0.1,13.7,0.07,0.44,0.1,0.4,0.38,0.26,0.06,16/09/2024,M,Antella,,34,Latin American,00000051,inadeguata,2024-09-18,2024-09-19,3.9 kg,NA,1,1,NA,NA,0,0,1,0,1,0,0,1,1,NA,0,0, Ospedale  Citta Ospedale,4,cesareo,0,no,BUZZI_00000051
0.0,69.67,c.1704+1del,c.235_237delinsTAT,29.32,23.26,50.62,170.65,78.73,40.35,108.99,32.03,299.58,94.56,176.28,90.82,38.06,6.32,0.91,0.36,0.33,0.39,0.31,0.19,0.09,0.32,0.1,0.41,0.19,0.04,0.19,0.04,0.36,0.02,0.4,0.19,0.2,0.01,0.5,0.04,0.06,0.09,0.49,0.17,0.05,0.03,0.0,0.03,0.09,0.02,0.01,0.0,0.51,0.49,0.0,0.66,0.6,0.23,0.02,6.02,13.27,7.58,0.19,0.3,0.06,0.52,0.11,9.46,0.04,0.23,1.0,0.28,0.29,0.16,0.11,16/09/2024,M,Solbiate Arno,,34,Middle eastern,00000052,ok,2024-09-18,2024-09-21,3.0 kg,1,1,NA,0,NA,1,0,1,0,NA,NA,1,0,0,1,0,NA, Universita  Lago  Centro Medico,2,cesareo,NA,no,BUZZI_00000052
0.0,64.13,c.850_901delinsTTCCTCGATGCCTG,c.145_147delinsTGG,113.96,28.81,70.39,440.76,163.72,45.59,99.16,65.09,303.06,49.26,202.74,98.47,49.64,11.69,1.56,0.15,0.23,0.36,0.35,0.2,0.04,0.32,0.06,0.13,0.13,0.32,0.18,0.04,0.17,0.13,0.1,0.43,0.15,0.08,0.38,0.01,0.01,0.09,0.24,0.11,0.11,0.06,0.02,0.0,0.07,0.01,0.05,0.01,0.53,0.58,0.0,0.54,0.58,0.27,0.01,14.72,3.71,6.54,0.19,0.56,2.95,0.2,0.4,5.1,0.02,0.22,0.53,0.23,0.38,0.27,0.47,16/09/2024,M,Valbrona,,33,Latin American,00000053,ok,2024-09-18,2024-09-22,3.2 kg,0,1,NA,1,1,NA,1,1,1,NA,0,NA,NA,NA,1,0,NA, Santo  Lago  Clinica,5,cesareo,0,si,BUZZI_00000053
0.0,75.05,c.850_901delinsTTCCTCGATGCCTG,c.93+1G>T,53.37,15.95,47.49,198.11,89.66,40.49,55.49,72.41,231.9,49.99,172.57,91.17,25.46,20.36,0.7,0.34,0.47,0.15,0.32,0.1,0.0,0.12,0.04,0.35,0.07,0.03,0.01,0.03,0.37,0.09,0.35,0.5,0.17,0.0,0.46,0.01,0.08,0.05,0.21,0.24,0.01,0.05,0.04,0.09,0.02,0.08,0.0,0.01,0.58,0.68,0.0,0.68,0.29,0.36,0.0,3.97,21.2,0.58,0.24,0.22,2.47,0.45,0.27,5.45,0.08,0.36,1.02,0.06,0.06,0.17,0.07,16/09/2024,M,Villanterio,,25,European,00000054,inadeguata,2024-09-19,2024-09-26,2.7 kg,0,NA,NA,0,1,1,0,1,0,NA,0,0,1,1,0,0,0, Universita  Citta  Istituto di Salute,5,naturale,1,no,BUZZI_00000054
0.0,43.74,c.4661delinsTC,c.6775_6777delinsC,25.93,44.63,24.21,162.37,34.87,43.73,97.78,72.86,296.24,79.12,266.84,99.96,46.52,11.18,0.24,0.1,0.43,0.18,0.25,0.04,0.09,0.25,0.08,0.35,0.24,0.36,0.25,0.08,0.34,0.03,0.26,0.21,0.01,0.07,0.43,0.08,0.07,0.01,0.2,0.06,0.15,0.09,0.09,0.07,0.07,0.04,0.0,0.01,0.67,0.49,0.0,0.34,0.3,0.37,0.01,14.9,12.74,6.4,0.18,0.11,0.27,0.49,0.31,14.98,0.01,0.24,0.3,0.31,0.05,0.16,0.23,16/09/2024,F,Sesto,,35,European,00000055,ok,2024-09-21,2024-09-27,3.6 kg,0,0,NA,1,0,1,0,1,0,1,NA,0,1,NA,0,0,0, Comunita  Bosco  Centro Medico,2,naturale,NA,si,BUZZI_00000055
0.0,51.83,c.419_420ins[T;401_419],c.145_147delinsTGG,73.44,13.85,94.15,329.67,86.18,17.8,131.88,30.56,225.71,98.68,296.83,94.23,46.7,10.41,0.81,0.3,0.36,0.37,0.2,0.01,0.09,0.45,0.08,0.59,0.37,0.14,0.12,0.09,0.33,0.12,0.21,0.46,0.05,0.04,0.24,0.01,0.07,0.0,0.14,0.21,0.11,0.04,0.01,0.09,0.0,0.01,0.06,0.0,0.61,0.32,0.0,0.35,0.56,0.25,0.02,11.77,46.24,8.25,0.11,0.71,1.7,0.99,0.17,11.53,0.01,0.08,1.02,0.16,0.34,0.12,0.44,16/09/2024,M,Fenile,,29,African,00000056,ok,2024-09-23,2024-09-21,3.6 kg,1,1,1,1,0,0,0,1,0,0,0,1,0,0,NA,0,NA, Regionale  Fiume  Clinica,1,altro,NA,no,BUZZI_00000056
0.0,39.56,c.235_237delinsTAT,c.4072-1234_5155-246del,77.59,15.48,88.49,327.58,101.07,39.97,90.55,61.08,279.33,83.62,230.55,90.58,45.37,9.04,2.39,0.21,0.21,0.33,0.37,0.09,0.02,0.1,0.01,0.47,0.01,0.14,0.25,0.03,0.06,0.01,0.43,0.26,0.02,0.09,0.24,0.03,0.08,0.04,0.36,0.11,0.19,0.01,0.03,0.1,0.06,0.02,0.06,0.0,0.87,0.56,0.0,0.45,0.32,0.33,0.01,11.96,25.86,8.01,0.06,0.45,0.09,0.68,0.47,10.92,0.1,0.44,0.89,0.47,0.13,0.2,0.19,16/09/2024,M,Fagare' Della Battaglia,,39,European,00000057,insufficiente,2024-09-22,2024-09-24,2.6 kg,0,1,NA,0,0,0,0,0,0,1,1,0,NA,1,NA,0,NA,Generale  Citta  Istituto di Salute,2,cesareo,1,no,BUZZI_00000057
0.0,77.15,c.849_850ins858_895,c.89_118AGC[13],52.22,37.83,97.05,370.02,32.29,21.15,96.56,50.55,297.65,67.41,279.31,99.14,47.27,23.77,2.33,0.12,0.35,0.29,0.3,0.06,0.03,0.22,0.01,0.19,0.31,0.48,0.2,0.03,0.15,0.17,0.18,0.05,0.14,0.04,0.28,0.07,0.08,0.03,0.42,0.29,0.2,0.05,0.0,0.0,0.0,0.02,0.04,0.01,0.02,0.68,0.0,0.4,0.39,0.49,0.02,11.24,38.99,9.84,0.38,0.68,2.36,0.24,0.13,12.43,0.07,0.06,0.8,0.06,0.42,0.24,0.22,16/09/2024,F,Carru',,31,African,00000058,ok,2024-09-22,2024-09-27,2.9 kg,0,0,1,NA,NA,NA,0,1,0,1,0,NA,0,1,0,0,NA, Universita Monte Ospedale,4,altro,1,si,BUZZI_00000058
0.0,44.63,c.240_241insAGG,c.4145_4160inv,86.31,15.36,34.94,322.46,39.89,32.93,118.98,54.78,176.22,94.96,176.08,93.81,47.4,7.01,1.41,0.24,0.34,0.35,0.29,0.08,0.02,0.22,0.02,0.24,0.11,0.42,0.01,0.04,0.18,0.17,0.1,0.22,0.09,0.1,0.36,0.16,0.01,0.02,0.23,0.23,0.12,0.09,0.05,0.05,0.05,0.08,0.03,0.02,0.05,0.69,0.0,0.44,0.36,0.38,0.01,1.9,22.28,4.46,0.37,0.17,1.24,0.64,0.17,5.43,0.0,0.17,0.15,0.28,0.32,0.12,0.26,16/09/2024,M,San Lorenzo Di Lugo,,30,Middle eastern,00000059,ok,2024-09-23,2024-09-26,3.8 kg,1,NA,1,1,NA,0,0,1,0,1,0,NA,0,0,1,1,1,Generale Monte  Istituto di Salute,3,cesareo,1,no,BUZZI_00000059
0.0,40.16,c.5657_5660inv,c.145_147delinsTGG,106.73,23.44,8.85,405.83,127.99,18.06,123.6,79.02,141.19,77.04,154.63,95.41,35.8,8.75,1.64,0.25,0.39,0.04,0.21,0.03,0.02,0.47,0.04,0.35,0.28,0.3,0.21,0.08,0.37,0.1,0.2,0.02,0.16,0.05,0.51,0.03,0.04,0.06,0.24,0.19,0.01,0.01,0.06,0.06,0.07,0.03,0.04,0.01,0.44,0.25,0.0,0.65,0.2,0.12,0.02,5.13,27.14,9.37,0.02,0.02,1.23,0.59,0.0,7.65,0.03,0.5,0.07,0.24,0.33,0.45,0.48,16/09/2024,M,Ferno,,40,Latin American,00000060,inadeguata,2024-09-22,2024-09-22,3.1 kg,NA,0,0,1,0,1,0,0,0,1,1,NA,1,0,1,0,0, Universita Monte  Clinica,2,altro,1,si,BUZZI_00000060
0.0,61.17,c.1813del,c.145_147delinsTGG,51.57,49.49,17.41,418.87,76.76,25.32,104.42,74.87,317.33,113.26,214.01,95.03,30.51,11.21,0.76,0.13,0.21,0.28,0.27,0.18,0.03,0.2,0.02,0.22,0.06,0.3,0.04,0.03,0.2,0.1,0.12,0.01,0.1,0.1,0.47,0.13,0.0,0.0,0.25,0.17,0.03,0.01,0.07,0.01,0.04,0.01,0.07,0.02,0.43,0.59,0.0,0.64,0.43,0.48,0.01,8.4,28.31,7.76,0.36,0.16,2.38,0.72,0.41,9.42,0.06,0.06,0.07,0.38,0.16,0.22,0.48,16/09/2024,F,Mombretto,,38,African,00000061,ok,2024-09-19,2024-09-20,2.6 kg,0,NA,0,NA,0,0,1,0,1,0,NA,1,1,0,1,1,NA,Generale  Bosco Ospedale,4,altro,1,si,BUZZI_00000061
0.0,42.67,c.145_147delinsTGG,c.5697dup,20.63,15.07,47.13,258.45,84.93,13.02,88.72,31.22,177.01,118.17,203.1,92.52,25.53,8.51,1.91,0.34,0.39,0.25,0.34,0.18,0.05,0.36,0.07,0.18,0.16,0.38,0.13,0.08,0.21,0.16,0.16,0.27,0.02,0.1,0.51,0.06,0.02,0.09,0.38,0.37,0.16,0.02,0.03,0.04,0.03,0.05,0.03,0.01,0.41,0.46,0.0,0.6,0.14,0.29,0.0,1.6,57.9,0.28,0.27,0.52,1.45,0.45,0.13,10.46,0.09,0.29,0.13,0.16,0.27,0.21,0.18,16/09/2024,F,Madonna Dell'Albero,,35,European,00000062,insufficiente,2024-09-23,2024-09-25,4.0 kg,1,1,1,NA,NA,1,0,1,0,0,NA,NA,1,0,1,0,NA, Ospedale  Fiume  Centro Medico,4,altro,0,no,BUZZI_00000062
0.0,25.5,c.4145_4160inv,c.5657_5660inv,55.3,46.67,71.98,337.98,147.56,17.13,134.91,72.32,305.46,63.41,160.94,98.25,33.24,18.34,1.85,0.14,0.1,0.37,0.35,0.15,0.03,0.47,0.08,0.19,0.37,0.08,0.14,0.1,0.05,0.12,0.17,0.19,0.06,0.04,0.43,0.16,0.07,0.08,0.29,0.23,0.15,0.07,0.08,0.02,0.06,0.03,0.03,0.02,0.26,0.66,0.0,0.21,0.54,0.28,0.02,5.06,38.12,8.76,0.36,0.72,1.54,0.74,0.22,11.03,0.03,0.23,0.63,0.3,0.5,0.32,0.26,16/09/2024,F,Novale,,37,European,00000063,ok,2024-09-21,2024-09-23,3.0 kg,NA,0,NA,NA,0,NA,0,0,0,0,0,1,0,1,NA,0,0, Universita Monte  Centro Medico,4,naturale,NA,si,BUZZI_00000063
0.0,35.38,c.850_901delinsTTCCTCGATGCCTG,c.419_420ins[T;401_419],137.11,33.23,42.22,294.22,154.94,43.39,88.33,48.66,170.72,99.36,223.44,99.33,35.38,21.41,1.59,0.35,0.37,0.32,0.34,0.03,0.04,0.32,0.07,0.3,0.06,0.35,0.23,0.03,0.23,0.05,0.12,0.45,0.16,0.08,0.38,0.02,0.04,0.0,0.1,0.42,0.08,0.0,0.05,0.06,0.0,0.01,0.01,0.02,0.29,0.47,0.0,0.29,0.45,0.46,0.02,8.85,32.69,2.49,0.23,0.88,2.78,0.79,0.02,12.47,0.07,0.09,0.2,0.19,0.26,0.33,0.31,16/09/2024,F,Pratiglione,,40,European,00000064,ok,2024-09-23,2024-09-24,3.1 kg,1,1,NA,NA,0,1,0,0,0,0,0,NA,0,1,1,0,0, Ospedale Monte Ospedale,2,cesareo,NA,si,BUZZI_00000064
0.0,32.93,c.419_420ins[T;401_419],c.1704+1del,138.96,48.69,13.51,267.86,85.94,24.14,63.91,39.2,146.29,51.85,295.0,92.55,39.72,15.93,2.53,0.26,0.39,0.21,0.26,0.18,0.05,0.31,0.06,0.47,0.03,0.42,0.1,0.02,0.15,0.16,0.07,0.47,0.13,0.09,0.24,0.04,0.09,0.1,0.35,0.37,0.12,0.08,0.06,0.01,0.04,0.06,0.01,0.01,0.67,0.44,0.0,0.56,0.18,0.42,0.02,14.15,33.18,0.13,0.02,0.99,0.39,0.05,0.48,7.93,0.07,0.07,0.21,0.5,0.39,0.31,0.26,16/09/2024,M,Apricale,,39,Middle eastern,00000065,inadeguata,2024-09-21,2024-09-25,3.8 kg,1,0,0,NA,1,0,0,0,0,NA,NA,1,1,1,NA,NA,0, Ospedale  Citta  Centro Medico,1,naturale,0,si,BUZZI_00000065
0.0,25.1,c.89_118AGC[13],c.1813del,76.6,34.76,61.35,398.26,52.54,13.41,88.68,52.89,249.46,62.96,204.14,91.18,38.44,18.58,0.79,0.13,0.41,0.36,0.35,0.03,0.06,0.11,0.02,0.24,0.18,0.13,0.04,0.02,0.37,0.01,0.24,0.3,0.11,0.01,0.22,0.19,0.03,0.03,0.24,0.24,0.03,0.07,0.06,0.02,0.05,0.03,0.08,0.01,0.1,0.67,0.0,0.64,0.33,0.49,0.0,8.34,59.61,3.81,0.12,0.68,0.65,0.61,0.49,11.94,0.07,0.17,1.09,0.47,0.23,0.2,0.06,16/09/2024,F,Modugno,,38,Jewish,00000066,inadeguata,2024-09-19,2024-09-25,2.7 kg,0,NA,NA,1,0,1,0,0,0,NA,NA,0,0,NA,1,NA,1, Comunita  Lago  Clinica,2,cesareo,0,no,BUZZI_00000066
0.0,25.44,c.3921dup,c.5657_5660inv,97.12,10.18,20.84,388.77,52.77,12.72,140.42,48.82,154.21,42.04,177.39,90.59,36.17,12.7,0.71,0.25,0.21,0.39,0.24,0.14,0.01,0.36,0.01,0.57,0.23,0.28,0.02,0.07,0.29,0.07,0.06,0.13,0.16,0.09,0.12,0.16,0.03,0.05,0.17,0.39,0.17,0.07,0.06,0.04,0.06,0.08,0.09,0.02,0.93,0.39,0.0,0.35,0.12,0.14,0.02,14.61,58.26,6.47,0.13,0.17,0.31,0.76,0.29,6.75,0.04,0.02,0.4,0.49,0.32,0.22,0.23,16/09/2024,F,Montecreto,,36,Jewish,00000067,insufficiente,2024-09-19,2024-09-25,3.7 kg,0,1,NA,0,1,NA,0,1,0,NA,NA,0,1,1,1,1,NA, Regionale  Fiume  Clinica,5,altro,1,no,BUZZI_00000067
0.0,72.74,c.(4071+1_4072-1)_(5154+1_5155-1)del,c.5697dup,74.68,26.28,14.79,403.0,58.99,20.17,71.24,78.81,153.13,109.62,227.45,97.42,48.72,9.04,2.21,0.21,0.16,0.13,0.3,0.02,0.1,0.43,0.03,0.2,0.09,0.1,0.03,0.01,0.3,0.14,0.06,0.45,0.07,0.02,0.42,0.16,0.0,0.1,0.24,0.48,0.06,0.05,0.1,0.03,0.09,0.04,0.02,0.01,1.1,0.58,0.0,0.24,0.54,0.1,0.02,14.56,51.9,3.36,0.27,0.76,2.91,0.51,0.02,7.85,0.03,0.03,1.08,0.45,0.11,0.42,0.17,16/09/2024,M,Fossato Di Vico,,40,African,00000068,ok,2024-09-21,2024-09-23,3.3 kg,0,NA,0,0,0,0,0,0,0,1,0,0,0,0,0,NA,NA, Santo  Bosco  Istituto di Salute,4,naturale,1,no,BUZZI_00000068
0.0,27.84,c.145_147delinsTGG,c.20_23dup,81.68,27.54,49.97,242.47,164.43,35.1,123.88,40.31,188.69,81.1,274.91,96.46,39.37,24.7,1.26,0.15,0.34,0.18,0.34,0.18,0.09,0.5,0.03,0.52,0.26,0.01,0.28,0.02,0.2,0.2,0.3,0.11,0.18,0.01,0.46,0.02,0.0,0.06,0.31,0.31,0.08,0.01,0.03,0.07,0.09,0.01,0.06,0.0,0.96,0.67,0.0,0.23,0.5,0.22,0.01,2.42,34.73,6.35,0.2,0.24,0.93,0.86,0.48,5.91,0.04,0.44,0.02,0.2,0.35,0.32,0.43,16/09/2024,F,Miramare Di Rimini,,35,East asian,00000069,ok,2024-09-22,2024-09-27,2.8 kg,NA,0,0,NA,NA,0,0,1,0,1,0,NA,0,1,1,0,1, Santo  Lago  Clinica,3,naturale,0,no,BUZZI_00000069
0.0,55.66,c.4661delinsTC,c.6955_6993CAG[26],111.09,46.04,98.39,243.53,77.6,35.37,110.68,48.61,284.79,48.97,150.19,94.79,41.71,15.99,0.52,0.22,0.11,0.2,0.24,0.16,0.09,0.14,0.08,0.13,0.21,0.11,0.03,0.02,0.21,0.08,0.41,0.31,0.07,0.04,0.17,0.14,0.02,0.04,0.21,0.18,0.11,0.02,0.01,0.03,0.08,0.04,0.02,0.01,0.58,0.54,0.0,0.24,0.26,0.25,0.01,13.3,51.27,5.09,0.21,0.9,1.65,0.03,0.4,8.05,0.01,0.12,0.92,0.19,0.41,0.24,0.13,16/09/2024,M,Rio San Martino,,32,Latin American,00000070,inadeguata,2024-09-20,2024-09-26,3.4 kg,1,1,1,0,0,NA,0,1,0,0,NA,NA,1,1,0,0,0,Generale  Bosco  Centro Medico,1,naturale,1,si,BUZZI_00000070
0.0,58.18,c.89_118AGC[13],c.5697dup,140.61,45.49,8.32,371.83,99.44,29.51,111.99,42.48,206.89,49.04,216.94,97.58,47.14,11.09,2.38,0.15,0.27,0.37,0.36,0.16,0.02,0.06,0.08,0.36,0.37,0.06,0.27,0.09,0.1,0.2,0.45,0.34,0.05,0.09,0.27,0.01,0.05,0.1,0.5,0.46,0.01,0.08,0.04,0.05,0.05,0.09,0.03,0.0,0.49,0.34,0.0,0.22,0.52,0.4,0.02,13.59,33.99,0.7,0.29,0.74,2.78,0.03,0.32,8.61,0.02,0.44,0.82,0.49,0.29,0.35,0.46,16/09/2024,M,San Martino Sinzano,,33,European,00000071,ok,2024-09-18,2024-09-24,2.9 kg,1,NA,1,0,NA,NA,0,1,0,0,NA,NA,0,NA,1,NA,NA, Universita  Citta  Clinica,3,cesareo,1,no,BUZZI_00000071
0.0,37.65,c.171_239GCA[34],c.5657_5660inv,106.4,17.9,63.02,240.26,91.01,10.77,91.27,33.48,287.08,47.96,213.17,94.02,44.24,6.24,0.79,0.33,0.16,0.37,0.29,0.06,0.05,0.44,0.01,0.11,0.24,0.45,0.17,0.02,0.24,0.11,0.41,0.03,0.1,0.07,0.51,0.15,0.07,0.09,0.15,0.4,0.02,0.03,0.1,0.06,0.03,0.05,0.06,0.01,0.47,0.64,0.0,0.42,0.2,0.25,0.01,13.05,24.63,4.45,0.22,0.97,1.17,0.85,0.43,13.49,0.09,0.21,1.08,0.09,0.14,0.17,0.45,16/09/2024,M,Siebeneich,,41,European,00000072,ok,2024-09-20,2024-09-26,3.2 kg,1,NA,1,1,1,NA,0,0,0,1,NA,0,NA,1,1,0,NA, Santo Monte  Istituto di Salute,5,altro,1,si,BUZZI_00000072
0.0,41.58,c.6775_6777delinsC,c.240_241insAGG,33.16,11.76,99.64,446.71,34.68,11.7,147.92,47.09,160.17,85.84,284.03,90.3,46.46,20.21,0.61,0.22,0.17,0.17,0.37,0.04,0.03,0.14,0.07,0.16,0.36,0.28,0.09,0.08,0.31,0.02,0.29,0.18,0.15,0.01,0.51,0.07,0.01,0.08,0.46,0.44,0.08,0.04,0.1,0.06,0.03,0.01,0.0,0.01,0.07,0.35,0.0,0.36,0.13,0.13,0.01,0.89,58.93,0.41,0.02,0.54,2.14,0.81,0.36,14.85,0.08,0.28,1.2,0.12,0.32,0.12,0.36,16/09/2024,M,Celatica,,38,European,00000073,ok,2024-09-23,2024-09-24,3.8 kg,0,0,NA,0,0,NA,1,0,1,0,NA,NA,1,1,1,1,1, Universita Monte Ospedale,3,altro,1,no,BUZZI_00000073
0.0,66.93,c.849_850ins858_895,c.240_241insAGG,86.69,23.71,36.7,429.84,80.87,45.25,107.9,38.14,126.97,93.56,203.67,93.18,44.81,16.99,1.58,0.19,0.32,0.08,0.39,0.17,0.07,0.45,0.08,0.42,0.19,0.28,0.16,0.07,0.07,0.14,0.12,0.33,0.02,0.08,0.37,0.1,0.09,0.09,0.31,0.36,0.12,0.09,0.08,0.07,0.03,0.04,0.04,0.01,0.58,0.46,0.0,0.59,0.16,0.2,0.01,13.18,45.15,7.01,0.2,0.44,1.75,0.48,0.03,7.03,0.03,0.11,1.08,0.38,0.46,0.3,0.15,16/09/2024,F,Cerna,,32,Middle eastern,00000074,ok,2024-09-19,2024-09-22,2.7 kg,0,0,0,0,1,NA,0,1,0,0,0,NA,NA,NA,NA,NA,NA, Comunita  Citta  Istituto di Salute,1,cesareo,0,no,BUZZI_00000074
0.0,56.02,c.260_264+48dup,c.4072-1234_5155-246del,114.82,29.69,37.81,178.86,111.28,48.36,103.49,30.49,204.29,100.16,171.11,99.12,35.95,19.69,1.23,0.35,0.47,0.17,0.31,0.06,0.07,0.46,0.03,0.55,0.21,0.17,0.23,0.05,0.26,0.03,0.48,0.1,0.14,0.03,0.15,0.05,0.04,0.08,0.14,0.45,0.01,0.1,0.0,0.07,0.03,0.05,0.09,0.02,0.82,0.48,0.0,0.46,0.31,0.35,0.01,4.29,17.4,2.98,0.4,0.2,0.85,0.39,0.09,9.18,0.05,0.39,0.76,0.42,0.37,0.23,0.34,16/09/2024,F,Grangia,,39,European,00000075,ok,2024-09-19,2024-09-28,3.3 kg,0,1,1,1,1,0,1,0,1,1,0,0,NA,1,0,0,0, Santo  Bosco  Centro Medico,4,altro,1,no,BUZZI_00000075
0.0,25.28,c.1813del,c.79_80delinsTT,93.26,31.79,15.47,286.53,119.6,32.06,129.11,75.74,135.75,93.63,214.39,91.13,33.67,6.75,2.36,0.2,0.13,0.33,0.35,0.08,0.07,0.4,0.03,0.48,0.06,0.41,0.27,0.02,0.12,0.13,0.29,0.28,0.04,0.01,0.31,0.1,0.07,0.03,0.39,0.23,0.09,0.04,0.04,0.08,0.06,0.06,0.08,0.0,0.57,0.67,0.0,0.2,0.59,0.16,0.01,10.69,10.74,6.73,0.23,0.4,1.57,0.53,0.37,12.01,0.02,0.13,0.05,0.26,0.09,0.12,0.49,16/09/2024,F,Felizzano,,41,African,00000076,ok,2024-09-21,2024-09-23,3.3 kg,1,NA,NA,0,1,0,0,0,0,NA,NA,NA,1,NA,NA,NA,NA,Generale  Fiume Ospedale,3,altro,1,no,BUZZI_00000076
0.0,26.97,c.20_23dup,c.1704+1del,84.7,27.37,54.29,261.26,122.79,43.15,115.27,61.28,161.87,52.52,208.69,95.33,43.14,9.37,2.53,0.21,0.37,0.19,0.28,0.03,0.08,0.33,0.1,0.37,0.33,0.23,0.01,0.06,0.19,0.0,0.39,0.06,0.2,0.06,0.49,0.14,0.09,0.02,0.41,0.42,0.09,0.05,0.04,0.09,0.09,0.04,0.03,0.02,1.08,0.35,0.0,0.54,0.11,0.18,0.02,14.94,14.35,3.08,0.0,0.02,1.55,0.03,0.1,5.24,0.08,0.36,1.01,0.07,0.24,0.34,0.14,16/09/2024,F,Sarentino,,37,East asian,00000077,ok,2024-09-17,2024-09-22,2.5 kg,1,NA,1,NA,1,NA,0,0,0,NA,NA,0,1,NA,0,0,NA, Universita Monte  Centro Medico,3,altro,NA,si,BUZZI_00000077
0.0,46.51,c.235_237delinsTAT,c.6775_6777delinsC,60.29,21.69,70.3,171.06,134.16,13.24,33.06,54.33,263.07,76.77,248.29,96.47,43.15,12.99,1.35,0.29,0.24,0.4,0.3,0.03,0.08,0.31,0.09,0.2,0.4,0.35,0.06,0.02,0.21,0.1,0.37,0.19,0.16,0.0,0.56,0.06,0.04,0.01,0.17,0.49,0.11,0.08,0.02,0.03,0.0,0.02,0.03,0.01,0.61,0.54,0.0,0.3,0.39,0.21,0.0,8.44,32.45,9.41,0.11,0.23,1.94,0.58,0.32,7.85,0.09,0.08,1.07,0.45,0.42,0.21,0.39,16/09/2024,M,Ponzano Romano,,35,Middle eastern,00000078,insufficiente,2024-09-23,2024-09-24,4.0 kg,NA,1,NA,1,NA,NA,0,1,0,NA,0,1,0,1,1,1,NA, Universita  Fiume  Clinica,2,naturale,1,si,BUZZI_00000078
0.0,46.06,c.1704+1del,c.79_80delinsTT,74.9,35.04,18.58,358.32,144.62,24.5,111.41,62.2,194.08,80.16,229.02,90.88,34.81,19.57,1.12,0.32,0.1,0.15,0.22,0.18,0.04,0.25,0.01,0.48,0.07,0.11,0.21,0.06,0.39,0.08,0.42,0.23,0.12,0.02,0.29,0.17,0.01,0.07,0.3,0.31,0.12,0.03,0.02,0.05,0.08,0.01,0.05,0.01,0.67,0.43,0.0,0.42,0.58,0.3,0.02,10.54,33.33,6.06,0.35,0.39,2.48,0.73,0.37,12.27,0.07,0.03,0.12,0.2,0.27,0.46,0.34,16/09/2024,F,Cisternino,,27,Jewish,00000079,ok,2024-09-21,2024-09-25,3.5 kg,0,NA,0,0,1,1,0,1,0,NA,0,1,0,NA,1,0,0,Generale  Fiume  Clinica,2,naturale,0,no,BUZZI_00000079
0.0,38.68,c.235_237delinsTAT,c.3922dup,42.23,11.25,47.49,260.65,72.55,30.05,142.16,31.57,228.78,105.4,237.52,97.75,44.96,7.95,0.34,0.3,0.28,0.39,0.35,0.12,0.0,0.47,0.08,0.14,0.22,0.1,0.3,0.09,0.22,0.18,0.21,0.07,0.18,0.04,0.59,0.05,0.08,0.05,0.23,0.48,0.04,0.08,0.01,0.04,0.04,0.09,0.09,0.0,0.78,0.24,0.0,0.52,0.11,0.12,0.01,4.62,29.54,8.25,0.0,0.06,1.69,0.12,0.45,8.46,0.0,0.42,1.19,0.23,0.16,0.28,0.34,16/09/2024,F,Tatti,,28,African,00000080,ok,2024-09-18,2024-09-22,3.6 kg,0,0,0,1,NA,NA,0,1,0,1,NA,NA,0,1,1,NA,NA, Comunita Monte Ospedale,1,altro,1,no,BUZZI_00000080
0.0,39.66,c.169_170insA,c.849_850ins858_895,84.91,46.0,55.31,347.43,133.37,10.81,33.41,61.83,307.3,57.89,176.04,91.37,29.87,13.68,0.88,0.35,0.5,0.27,0.34,0.15,0.09,0.32,0.05,0.58,0.24,0.08,0.07,0.03,0.17,0.02,0.36,0.27,0.16,0.0,0.31,0.16,0.03,0.07,0.35,0.2,0.01,0.1,0.08,0.05,0.09,0.07,0.09,0.0,1.02,0.4,0.0,0.5,0.56,0.39,0.01,13.04,2.92,7.69,0.03,0.28,1.08,0.61,0.21,12.41,0.0,0.4,0.82,0.24,0.32,0.16,0.13,16/09/2024,M,Campovalano,,42,Jewish,00000081,ok,2024-09-20,2024-09-28,3.7 kg,0,1,0,NA,0,NA,1,0,1,1,1,NA,0,1,0,0,0, Santo  Lago  Istituto di Salute,3,altro,NA,si,BUZZI_00000081
0.0,49.28,c.89_118AGC[13],c.79_80delinsTT,127.3,16.83,41.44,305.12,62.22,16.89,109.1,68.37,164.99,41.11,171.72,98.32,39.12,5.17,0.33,0.18,0.15,0.04,0.24,0.06,0.02,0.16,0.1,0.33,0.29,0.46,0.05,0.08,0.18,0.16,0.3,0.02,0.11,0.02,0.54,0.19,0.02,0.09,0.21,0.34,0.08,0.06,0.02,0.0,0.0,0.03,0.02,0.02,0.18,0.4,0.0,0.38,0.12,0.19,0.02,5.19,47.4,3.38,0.14,0.36,2.82,0.32,0.04,5.56,0.1,0.02,0.09,0.15,0.2,0.44,0.45,16/09/2024,M,Oltrona Al Lago,,36,European,00000082,ok,2024-09-22,2024-09-24,3.1 kg,NA,NA,1,NA,1,0,0,1,0,0,0,0,0,NA,1,0,1, Ospedale  Lago  Istituto di Salute,1,altro,1,si,BUZZI_00000082
0.0,32.59,c.1813del,c.5697del,108.38,45.37,96.13,365.13,35.89,42.94,39.18,79.98,218.27,93.27,210.98,99.16,26.97,17.55,2.77,0.24,0.13,0.38,0.34,0.09,0.03,0.06,0.08,0.52,0.09,0.23,0.07,0.04,0.28,0.03,0.23,0.29,0.15,0.03,0.49,0.12,0.09,0.09,0.19,0.47,0.18,0.09,0.02,0.07,0.02,0.01,0.01,0.01,1.05,0.58,0.0,0.36,0.5,0.22,0.02,9.48,36.09,8.52,0.32,0.6,1.49,0.58,0.45,5.07,0.06,0.12,0.96,0.07,0.34,0.28,0.1,16/09/2024,M,Frassinetto,,28,Jewish,00000083,ok,2024-09-19,2024-09-23,2.8 kg,NA,NA,0,NA,1,0,0,1,0,0,0,1,NA,1,NA,NA,0, Regionale  Bosco  Istituto di Salute,2,cesareo,1,no,BUZZI_00000083
0.0,33.2,c.849_850ins858_895,c.89_118AGC[13],112.86,48.69,71.79,392.99,125.82,27.43,46.14,54.38,265.5,113.28,165.15,98.36,34.16,7.49,2.18,0.22,0.49,0.21,0.22,0.17,0.0,0.44,0.01,0.11,0.29,0.21,0.01,0.04,0.21,0.15,0.48,0.39,0.09,0.04,0.57,0.16,0.1,0.07,0.16,0.09,0.16,0.07,0.06,0.06,0.09,0.02,0.03,0.01,1.02,0.46,0.0,0.33,0.34,0.47,0.0,10.38,31.44,7.53,0.34,0.9,1.59,0.78,0.01,7.59,0.0,0.5,1.12,0.23,0.47,0.49,0.12,16/09/2024,M,Ghislarengo,,30,Middle eastern,00000084,ok,2024-09-20,2024-09-25,3.5 kg,NA,0,0,1,NA,0,0,1,0,0,0,0,NA,1,0,NA,0,Generale  Bosco  Centro Medico,3,altro,NA,no,BUZZI_00000084
0.0,46.04,c.9002_9009delinsTTT,c.4145_4160inv,105.22,14.35,70.32,237.4,58.83,40.12,140.31,54.38,155.88,104.25,177.67,93.21,39.55,15.73,0.3,0.39,0.27,0.09,0.3,0.08,0.03,0.35,0.05,0.59,0.25,0.03,0.26,0.09,0.22,0.17,0.19,0.39,0.1,0.07,0.31,0.06,0.09,0.02,0.48,0.26,0.02,0.09,0.08,0.08,0.05,0.05,0.06,0.01,0.41,0.52,0.0,0.5,0.29,0.47,0.01,3.58,7.71,5.81,0.03,0.07,1.49,0.48,0.44,7.81,0.1,0.13,0.38,0.25,0.49,0.22,0.08,16/09/2024,M,Centallo,,36,Middle eastern,00000085,inadeguata,2024-09-17,2024-09-21,3.8 kg,NA,0,NA,NA,1,1,1,1,1,1,1,NA,NA,0,NA,NA,NA, Regionale  Citta Ospedale,5,altro,1,no,BUZZI_00000085
0.0,39.96,c.(4071+1_4072-1)_(5154+1_5155-1)del,c.93+1G>T,67.25,11.48,14.63,309.08,131.4,27.11,111.03,61.24,258.15,76.53,293.0,96.48,49.94,12.8,0.49,0.17,0.24,0.38,0.3,0.14,0.05,0.13,0.01,0.15,0.11,0.38,0.16,0.08,0.27,0.18,0.06,0.44,0.16,0.09,0.38,0.1,0.03,0.02,0.39,0.39,0.12,0.08,0.06,0.07,0.05,0.01,0.08,0.01,0.75,0.3,0.0,0.32,0.58,0.35,0.01,13.04,14.4,7.01,0.32,0.65,2.31,0.21,0.07,5.66,0.06,0.32,0.65,0.18,0.32,0.21,0.43,16/09/2024,F,Marzanello,,42,European,00000086,ok,2024-09-17,2024-09-21,3.3 kg,1,1,1,0,NA,0,0,0,0,1,1,0,0,0,1,1,1, Universita  Bosco  Centro Medico,2,cesareo,0,no,BUZZI_00000086
0.0,63.86,c.849_850ins858_895,c.1813dup,54.25,31.54,9.46,388.51,91.49,22.26,113.67,49.94,277.4,74.47,245.78,97.33,41.96,10.38,1.09,0.16,0.43,0.08,0.3,0.18,0.07,0.26,0.1,0.21,0.1,0.25,0.02,0.03,0.19,0.03,0.12,0.41,0.12,0.09,0.42,0.01,0.05,0.03,0.39,0.13,0.18,0.02,0.03,0.01,0.05,0.02,0.1,0.0,0.77,0.32,0.0,0.66,0.56,0.33,0.02,10.23,20.23,10.0,0.4,0.92,0.99,0.73,0.34,6.6,0.03,0.23,0.77,0.4,0.44,0.48,0.5,16/09/2024,M,Vercurago,,42,Jewish,00000087,ok,2024-09-23,2024-09-23,3.9 kg,0,1,NA,NA,0,1,0,0,0,0,NA,NA,0,0,NA,0,NA, Universita  Citta Ospedale,2,naturale,NA,no,BUZZI_00000087
0.0,75.79,c.171_239GCA[34],c.3921del,50.18,14.0,62.89,225.15,52.03,46.87,34.12,67.15,271.68,80.22,175.92,92.67,35.0,12.6,0.55,0.27,0.36,0.24,0.33,0.19,0.05,0.18,0.05,0.58,0.02,0.02,0.11,0.06,0.21,0.04,0.4,0.05,0.19,0.0,0.48,0.02,0.04,0.09,0.24,0.29,0.18,0.07,0.04,0.1,0.04,0.01,0.03,0.01,0.37,0.47,0.0,0.51,0.55,0.44,0.01,3.77,7.03,0.21,0.22,0.15,2.93,0.83,0.45,6.25,0.04,0.33,0.76,0.49,0.36,0.45,0.24,16/09/2024,M,Casone,,27,Jewish,00000088,insufficiente,2024-09-22,2024-09-27,3.7 kg,NA,NA,1,0,1,0,0,1,0,NA,NA,1,NA,0,0,NA,NA, Santo  Lago Ospedale,4,altro,0,si,BUZZI_00000088
0.0,69.82,c.5697del,c.1704+1del,111.4,42.37,18.17,249.28,164.03,29.97,89.55,56.27,181.89,74.59,261.55,98.45,37.79,17.32,1.11,0.33,0.26,0.39,0.32,0.2,0.04,0.14,0.02,0.24,0.11,0.28,0.2,0.09,0.1,0.05,0.11,0.29,0.11,0.1,0.47,0.07,0.07,0.03,0.43,0.48,0.1,0.08,0.06,0.02,0.06,0.08,0.02,0.01,0.76,0.47,0.0,0.37,0.29,0.13,0.0,12.13,15.8,7.22,0.36,0.1,0.62,0.49,0.27,5.79,0.02,0.36,0.11,0.34,0.45,0.12,0.3,16/09/2024,F,Citta' Del Mare,,41,Middle eastern,00000089,insufficiente,2024-09-20,2024-09-29,3.8 kg,1,0,1,1,0,NA,0,0,0,0,0,0,1,0,NA,0,0, Comunita Monte  Clinica,4,altro,0,si,BUZZI_00000089
0.0,37.94,c.79_80delinsTT,c.4145_4160inv,88.81,16.09,15.97,437.55,55.72,28.32,149.93,33.76,221.48,67.4,190.85,97.21,42.01,10.63,2.55,0.21,0.32,0.26,0.37,0.06,0.08,0.36,0.05,0.45,0.2,0.42,0.23,0.07,0.16,0.16,0.47,0.06,0.09,0.08,0.47,0.0,0.02,0.03,0.21,0.32,0.13,0.08,0.01,0.05,0.02,0.05,0.08,0.01,0.7,0.25,0.0,0.53,0.43,0.21,0.01,9.51,10.88,7.29,0.01,0.48,0.45,0.75,0.15,13.87,0.05,0.09,1.09,0.34,0.39,0.3,0.11,16/09/2024,F,Concadirame,,42,Latin American,00000090,inadeguata,2024-09-20,2024-09-24,2.8 kg,NA,0,NA,1,1,0,0,0,0,NA,0,NA,0,1,1,1,1, Ospedale Monte  Centro Medico,3,altro,NA,no,BUZZI_00000090
0.0,40.66,c.3921dup,c.1704+1del,113.08,40.25,74.64,353.34,49.45,27.49,35.73,30.4,169.6,55.07,185.84,99.49,43.47,22.66,0.95,0.23,0.16,0.26,0.4,0.03,0.04,0.14,0.09,0.37,0.24,0.4,0.26,0.02,0.02,0.18,0.24,0.32,0.16,0.03,0.17,0.08,0.09,0.07,0.44,0.4,0.06,0.08,0.01,0.03,0.04,0.1,0.04,0.02,0.64,0.38,0.0,0.5,0.19,0.22,0.02,2.89,24.67,0.86,0.23,0.8,1.34,0.14,0.15,10.68,0.07,0.3,0.29,0.3,0.47,0.43,0.09,16/09/2024,F,Novoli,,33,East asian,00000091,ok,2024-09-17,2024-09-28,2.7 kg,1,1,NA,NA,NA,0,0,1,0,NA,0,1,NA,1,NA,0,0, Regionale  Citta  Istituto di Salute,1,altro,NA,si,BUZZI_00000091
0.0,53.11,c.(4071+1_4072-1)_(5154+1_5155-1)del,c.5657_5660inv,76.91,19.92,70.1,434.82,42.49,16.98,108.66,74.54,254.83,53.38,199.12,91.1,29.83,11.12,1.64,0.37,0.41,0.05,0.36,0.1,0.04,0.42,0.06,0.14,0.3,0.05,0.26,0.02,0.01,0.08,0.44,0.2,0.17,0.02,0.5,0.11,0.04,0.06,0.45,0.2,0.13,0.02,0.09,0.02,0.08,0.1,0.02,0.0,1.06,0.33,0.0,0.3,0.35,0.23,0.02,4.83,53.86,4.28,0.23,0.83,2.8,0.93,0.09,6.51,0.03,0.36,1.12,0.07,0.43,0.44,0.39,16/09/2024,F,Castelleone Di Suasa,,37,Latin American,00000092,ok,2024-09-20,2024-09-26,3.1 kg,1,NA,1,1,NA,0,0,0,0,1,0,NA,0,1,0,0,NA, Comunita  Lago  Istituto di Salute,5,altro,1,no,BUZZI_00000092
0.0,53.41,c.(222_226)insG,c.849_850ins858_895,20.86,11.79,30.83,220.22,98.41,17.13,52.49,54.76,165.96,111.48,201.45,98.34,30.27,19.04,2.17,0.19,0.29,0.04,0.33,0.12,0.08,0.29,0.03,0.27,0.26,0.21,0.03,0.09,0.3,0.06,0.15,0.48,0.01,0.04,0.1,0.07,0.03,0.05,0.48,0.06,0.07,0.08,0.03,0.0,0.01,0.04,0.07,0.02,0.26,0.22,0.0,0.23,0.48,0.43,0.01,13.63,30.17,4.46,0.03,0.81,2.44,0.57,0.49,8.4,0.07,0.43,0.47,0.46,0.28,0.22,0.43,16/09/2024,M,Savoca,,37,Middle eastern,00000093,insufficiente,2024-09-20,2024-09-25,2.8 kg,1,1,1,1,NA,NA,0,0,0,0,NA,1,NA,0,1,0,1, Comunita Monte Ospedale,4,altro,NA,no,BUZZI_00000093
0.0,53.95,c.79_80delinsTT,c.93+1G>T,145.1,20.22,56.85,385.22,62.77,18.77,44.7,32.08,246.86,92.65,195.96,95.68,40.35,19.05,1.28,0.3,0.42,0.36,0.29,0.03,0.03,0.38,0.01,0.56,0.29,0.29,0.06,0.08,0.04,0.09,0.47,0.43,0.03,0.08,0.5,0.15,0.06,0.1,0.36,0.08,0.05,0.07,0.09,0.09,0.1,0.09,0.03,0.02,0.57,0.66,0.0,0.3,0.32,0.23,0.0,8.86,24.36,6.56,0.36,0.94,0.77,0.02,0.41,11.11,0.0,0.11,0.6,0.29,0.24,0.16,0.31,16/09/2024,F,Valle Agricola,,39,European,00000094,ok,2024-09-22,2024-09-22,4.0 kg,0,0,1,NA,1,0,0,0,0,0,0,NA,1,1,1,0,1, Santo  Fiume  Clinica,4,naturale,NA,si,BUZZI_00000094
0.0,26.9,c.5697del,c.1704+1del,29.65,23.09,71.85,351.02,73.17,35.39,71.15,37.99,157.54,91.84,264.51,98.33,48.95,22.42,1.66,0.21,0.28,0.23,0.37,0.18,0.03,0.29,0.05,0.1,0.04,0.18,0.14,0.03,0.13,0.1,0.4,0.29,0.02,0.04,0.23,0.05,0.09,0.06,0.48,0.12,0.01,0.05,0.02,0.09,0.09,0.06,0.0,0.02,1.09,0.68,0.0,0.25,0.46,0.41,0.01,14.85,26.93,1.46,0.22,0.01,1.69,0.05,0.07,14.06,0.02,0.41,0.33,0.07,0.38,0.13,0.29,16/09/2024,M,Finero,,33,European,00000095,ok,2024-09-17,2024-09-27,3.9 kg,1,NA,NA,NA,1,NA,0,1,0,1,NA,0,1,NA,1,1,NA,Generale  Lago  Istituto di Salute,4,altro,1,si,BUZZI_00000095
0.0,73.06,c.849_850ins858_895,c.419_420ins[T;401_419],141.59,14.58,19.55,372.29,71.3,16.4,124.42,56.64,271.4,68.35,150.18,90.14,38.74,17.89,0.36,0.15,0.47,0.14,0.22,0.17,0.08,0.43,0.04,0.58,0.13,0.05,0.01,0.04,0.12,0.02,0.24,0.06,0.18,0.04,0.12,0.07,0.05,0.06,0.46,0.12,0.07,0.08,0.06,0.07,0.04,0.04,0.05,0.01,0.98,0.69,0.0,0.26,0.59,0.23,0.02,11.35,6.94,4.54,0.05,0.65,0.47,0.46,0.03,14.24,0.03,0.45,0.5,0.07,0.38,0.2,0.3,16/09/2024,F,San Maurizio D'Opaglio,,38,European,00000096,ok,2024-09-19,2024-09-25,3.6 kg,0,0,1,1,0,NA,0,0,0,NA,NA,0,NA,1,0,NA,NA, Santo  Fiume Ospedale,5,altro,0,si,BUZZI_00000096
0.0,66.99,c.89_118AGC[13],c.419_420ins[T;401_419],147.31,47.34,92.47,209.59,48.01,27.31,53.72,52.57,120.85,115.44,289.79,90.92,27.0,12.48,0.65,0.34,0.11,0.07,0.3,0.11,0.09,0.28,0.06,0.6,0.37,0.07,0.21,0.01,0.32,0.16,0.47,0.28,0.05,0.01,0.49,0.2,0.01,0.03,0.27,0.37,0.16,0.07,0.08,0.09,0.06,0.05,0.03,0.01,0.03,0.4,0.0,0.42,0.21,0.29,0.02,6.27,45.74,1.1,0.05,0.36,2.28,0.79,0.01,10.03,0.05,0.42,0.9,0.44,0.06,0.46,0.42,16/09/2024,F,Marina Di Sant'Andrea Jonio,,42,East asian,00000097,ok,2024-09-18,2024-09-19,3.0 kg,0,0,1,0,NA,NA,0,0,0,1,0,NA,1,NA,NA,NA,NA,Generale  Lago  Centro Medico,5,naturale,0,si,BUZZI_00000097
0.0,37.16,c.89_118AGC[13],c.3922dup,122.06,49.62,61.18,396.21,93.99,29.46,98.08,43.19,165.34,69.56,170.6,98.31,48.75,5.96,1.89,0.33,0.48,0.32,0.3,0.17,0.03,0.35,0.05,0.37,0.11,0.27,0.05,0.1,0.35,0.16,0.13,0.46,0.16,0.09,0.17,0.07,0.01,0.07,0.29,0.16,0.09,0.04,0.09,0.06,0.01,0.1,0.02,0.02,0.27,0.48,0.0,0.5,0.35,0.49,0.02,14.6,48.71,8.48,0.3,0.08,2.3,0.32,0.07,11.86,0.1,0.28,0.51,0.13,0.33,0.38,0.42,16/09/2024,F,Cordignano,,29,African,00000098,ok,2024-09-20,2024-09-22,3.6 kg,1,NA,1,NA,1,1,0,1,0,NA,0,0,0,NA,1,0,1, Santo  Lago Ospedale,2,cesareo,0,no,BUZZI_00000098
0.0,39.64,c.4661delinsTC,c.419_420ins[T;401_419],42.03,29.7,54.4,347.95,45.0,38.12,149.82,69.62,172.14,74.89,214.23,95.4,32.36,7.04,0.61,0.39,0.22,0.13,0.33,0.16,0.09,0.49,0.05,0.4,0.21,0.1,0.23,0.1,0.1,0.05,0.17,0.05,0.15,0.02,0.58,0.17,0.08,0.03,0.26,0.4,0.15,0.03,0.1,0.1,0.06,0.1,0.08,0.01,0.4,0.59,0.0,0.3,0.52,0.49,0.01,8.76,47.02,4.36,0.23,0.38,0.42,0.2,0.09,5.5,0.04,0.44,0.21,0.19,0.26,0.24,0.34,16/09/2024,F,Giglio Campese,,42,Middle eastern,00000099,insufficiente,2024-09-20,2024-09-22,2.7 kg,0,0,1,1,1,1,0,0,0,1,1,NA,0,NA,0,NA,0, Regionale  Fiume  Clinica,4,naturale,NA,no,BUZZI_00000099
0.0,79.72,c.9002_9009delinsTTT,c.260_264+48dup,68.6,20.32,65.96,251.27,47.67,41.0,100.56,42.83,207.08,84.0,231.61,98.24,49.75,6.38,2.61,0.35,0.19,0.37,0.27,0.11,0.05,0.24,0.06,0.39,0.04,0.06,0.2,0.07,0.36,0.07,0.13,0.37,0.15,0.05,0.18,0.05,0.09,0.04,0.23,0.11,0.01,0.05,0.08,0.08,0.09,0.09,0.01,0.01,0.98,0.36,0.0,0.23,0.26,0.44,0.01,14.68,34.57,1.29,0.07,0.75,0.7,0.91,0.35,12.26,0.08,0.5,0.48,0.5,0.07,0.13,0.31,16/09/2024,M,San Venanzo,,34,European,00000100,ok,2024-09-23,2024-09-23,3.9 kg,1,1,0,1,1,0,0,1,0,1,NA,0,0,NA,0,0,NA, Comunita Monte  Istituto di Salute,3,cesareo,1,no,BUZZI_00000100
